id,is_humor,funniness_average
tweet1,1,3.0
tweet2,0,3.0
tweet3,1,3.0
tweet4,0,3.0
tweet5,0,3.0
tweet6,1,3.0
tweet7,1,3.0
tweet8,0,3.0
tweet9,1,3.0
tweet10,0,3.0
tweet11,1,3.0
tweet12,1,3.0
tweet13,1,3.0
tweet14,1,3.0
tweet15,1,3.0
tweet16,0,3.0
tweet17,0,3.0
tweet18,0,3.0
tweet19,1,3.0
tweet20,0,3.0
tweet21,0,3.0
tweet22,0,3.0
tweet23,1,3.0
tweet24,0,3.0
tweet25,0,3.0
tweet26,0,3.0
tweet27,1,3.0
tweet28,0,3.0
tweet29,0,3.0
tweet30,1,3.0
tweet31,1,3.0
tweet32,0,3.0
tweet33,1,3.0
tweet34,0,3.0
tweet35,0,3.0
tweet36,0,3.0
tweet37,0,3.0
tweet38,0,3.0
tweet39,1,3.0
tweet40,0,3.0
tweet41,0,3.0
tweet42,0,3.0
tweet43,0,3.0
tweet44,0,3.0
tweet45,0,3.0
tweet46,0,3.0
tweet47,1,3.0
tweet48,1,3.0
tweet49,0,3.0
tweet50,0,3.0
tweet51,0,3.0
tweet52,0,3.0
tweet53,1,3.0
tweet54,0,3.0
tweet55,1,3.0
tweet56,1,3.0
tweet57,1,3.0
tweet58,0,3.0
tweet59,0,3.0
tweet60,0,3.0
tweet61,0,3.0
tweet62,1,3.0
tweet63,0,3.0
tweet64,1,3.0
tweet65,1,3.0
tweet66,0,3.0
tweet67,0,3.0
tweet68,0,3.0
tweet69,1,3.0
tweet70,1,3.0
tweet71,0,3.0
tweet72,0,3.0
tweet73,0,3.0
tweet74,0,3.0
tweet75,0,3.0
tweet76,0,3.0
tweet77,0,3.0
tweet78,1,3.0
tweet79,1,3.0
tweet80,1,3.0
tweet81,0,3.0
tweet82,0,3.0
tweet83,0,3.0
tweet84,0,3.0
tweet85,0,3.0
tweet86,1,3.0
tweet87,1,3.0
tweet88,0,3.0
tweet89,1,3.0
tweet90,1,3.0
tweet91,0,3.0
tweet92,0,3.0
tweet93,0,3.0
tweet94,1,3.0
tweet95,0,3.0
tweet96,1,3.0
tweet97,1,3.0
tweet98,0,3.0
tweet99,1,3.0
tweet100,0,3.0
tweet101,1,3.0
tweet102,1,3.0
tweet103,1,3.0
tweet104,1,3.0
tweet105,1,3.0
tweet106,1,3.0
tweet107,1,3.0
tweet108,0,3.0
tweet109,0,3.0
tweet110,1,3.0
tweet111,0,3.0
tweet112,0,3.0
tweet113,1,3.0
tweet114,0,3.0
tweet115,1,3.0
tweet116,0,3.0
tweet117,0,3.0
tweet118,0,3.0
tweet119,0,3.0
tweet120,0,3.0
tweet121,0,3.0
tweet122,0,3.0
tweet123,1,3.0
tweet124,1,3.0
tweet125,0,3.0
tweet126,0,3.0
tweet127,0,3.0
tweet128,0,3.0
tweet129,0,3.0
tweet130,1,3.0
tweet131,0,3.0
tweet132,0,3.0
tweet133,0,3.0
tweet134,0,3.0
tweet135,1,3.0
tweet136,0,3.0
tweet137,0,3.0
tweet138,1,3.0
tweet139,1,3.0
tweet140,0,3.0
tweet141,0,3.0
tweet142,1,3.0
tweet143,0,3.0
tweet144,0,3.0
tweet145,0,3.0
tweet146,1,3.0
tweet147,1,3.0
tweet148,0,3.0
tweet149,0,3.0
tweet150,0,3.0
tweet151,0,3.0
tweet152,0,3.0
tweet153,0,3.0
tweet154,0,3.0
tweet155,1,3.0
tweet156,0,3.0
tweet157,0,3.0
tweet158,0,3.0
tweet159,0,3.0
tweet160,1,3.0
tweet161,0,3.0
tweet162,1,3.0
tweet163,0,3.0
tweet164,0,3.0
tweet165,0,3.0
tweet166,1,3.0
tweet167,1,3.0
tweet168,0,3.0
tweet169,1,3.0
tweet170,1,3.0
tweet171,0,3.0
tweet172,1,3.0
tweet173,0,3.0
tweet174,0,3.0
tweet175,1,3.0
tweet176,0,3.0
tweet177,1,3.0
tweet178,1,3.0
tweet179,0,3.0
tweet180,1,3.0
tweet181,0,3.0
tweet182,1,3.0
tweet183,1,3.0
tweet184,0,3.0
tweet185,1,3.0
tweet186,0,3.0
tweet187,0,3.0
tweet188,0,3.0
tweet189,1,3.0
tweet190,1,3.0
tweet191,1,3.0
tweet192,0,3.0
tweet193,1,3.0
tweet194,0,3.0
tweet195,1,3.0
tweet196,0,3.0
tweet197,1,3.0
tweet198,0,3.0
tweet199,0,3.0
tweet200,0,3.0
tweet201,0,3.0
tweet202,1,3.0
tweet203,0,3.0
tweet204,1,3.0
tweet205,0,3.0
tweet206,1,3.0
tweet207,0,3.0
tweet208,1,3.0
tweet209,0,3.0
tweet210,1,3.0
tweet211,1,3.0
tweet212,0,3.0
tweet213,1,3.0
tweet214,0,3.0
tweet215,0,3.0
tweet216,0,3.0
tweet217,1,3.0
tweet218,1,3.0
tweet219,0,3.0
tweet220,1,3.0
tweet221,0,3.0
tweet222,0,3.0
tweet223,1,3.0
tweet224,0,3.0
tweet225,0,3.0
tweet226,1,3.0
tweet227,1,3.0
tweet228,0,3.0
tweet229,1,3.0
tweet230,0,3.0
tweet231,1,3.0
tweet232,1,3.0
tweet233,1,3.0
tweet234,0,3.0
tweet235,0,3.0
tweet236,1,3.0
tweet237,1,3.0
tweet238,0,3.0
tweet239,0,3.0
tweet240,1,3.0
tweet241,1,3.0
tweet242,1,3.0
tweet243,0,3.0
tweet244,0,3.0
tweet245,1,3.0
tweet246,0,3.0
tweet247,1,3.0
tweet248,1,3.0
tweet249,0,3.0
tweet250,0,3.0
tweet251,0,3.0
tweet252,0,3.0
tweet253,0,3.0
tweet254,1,3.0
tweet255,0,3.0
tweet256,1,3.0
tweet257,1,3.0
tweet258,0,3.0
tweet259,1,3.0
tweet260,0,3.0
tweet261,0,3.0
tweet262,0,3.0
tweet263,0,3.0
tweet264,1,3.0
tweet265,1,3.0
tweet266,1,3.0
tweet267,0,3.0
tweet268,0,3.0
tweet269,1,3.0
tweet270,0,3.0
tweet271,1,3.0
tweet272,1,3.0
tweet273,1,3.0
tweet274,0,3.0
tweet275,1,3.0
tweet276,1,3.0
tweet277,0,3.0
tweet278,1,3.0
tweet279,0,3.0
tweet280,1,3.0
tweet281,0,3.0
tweet282,1,3.0
tweet283,0,3.0
tweet284,1,3.0
tweet285,1,3.0
tweet286,0,3.0
tweet287,1,3.0
tweet288,1,3.0
tweet289,0,3.0
tweet290,1,3.0
tweet291,0,3.0
tweet292,0,3.0
tweet293,1,3.0
tweet294,1,3.0
tweet295,0,3.0
tweet296,1,3.0
tweet297,0,3.0
tweet298,1,3.0
tweet299,0,3.0
tweet300,0,3.0
tweet301,1,3.0
tweet302,0,3.0
tweet303,0,3.0
tweet304,1,3.0
tweet305,1,3.0
tweet306,1,3.0
tweet307,1,3.0
tweet308,1,3.0
tweet309,1,3.0
tweet310,0,3.0
tweet311,1,3.0
tweet312,0,3.0
tweet313,0,3.0
tweet314,0,3.0
tweet315,1,3.0
tweet316,0,3.0
tweet317,0,3.0
tweet318,0,3.0
tweet319,0,3.0
tweet320,1,3.0
tweet321,0,3.0
tweet322,0,3.0
tweet323,1,3.0
tweet324,1,3.0
tweet325,1,3.0
tweet326,0,3.0
tweet327,0,3.0
tweet328,1,3.0
tweet329,1,3.0
tweet330,1,3.0
tweet331,1,3.0
tweet332,1,3.0
tweet333,0,3.0
tweet334,0,3.0
tweet335,0,3.0
tweet336,1,3.0
tweet337,0,3.0
tweet338,0,3.0
tweet339,0,3.0
tweet340,0,3.0
tweet341,0,3.0
tweet342,0,3.0
tweet343,0,3.0
tweet344,0,3.0
tweet345,1,3.0
tweet346,0,3.0
tweet347,0,3.0
tweet348,0,3.0
tweet349,0,3.0
tweet350,1,3.0
tweet351,1,3.0
tweet352,0,3.0
tweet353,1,3.0
tweet354,1,3.0
tweet355,0,3.0
tweet356,1,3.0
tweet357,0,3.0
tweet358,1,3.0
tweet359,0,3.0
tweet360,1,3.0
tweet361,0,3.0
tweet362,0,3.0
tweet363,0,3.0
tweet364,0,3.0
tweet365,1,3.0
tweet366,0,3.0
tweet367,0,3.0
tweet368,0,3.0
tweet369,1,3.0
tweet370,1,3.0
tweet371,0,3.0
tweet372,1,3.0
tweet373,0,3.0
tweet374,0,3.0
tweet375,1,3.0
tweet376,1,3.0
tweet377,0,3.0
tweet378,1,3.0
tweet379,0,3.0
tweet380,1,3.0
tweet381,1,3.0
tweet382,1,3.0
tweet383,0,3.0
tweet384,1,3.0
tweet385,0,3.0
tweet386,1,3.0
tweet387,1,3.0
tweet388,1,3.0
tweet389,0,3.0
tweet390,0,3.0
tweet391,1,3.0
tweet392,1,3.0
tweet393,0,3.0
tweet394,1,3.0
tweet395,0,3.0
tweet396,1,3.0
tweet397,0,3.0
tweet398,0,3.0
tweet399,1,3.0
tweet400,0,3.0
tweet401,1,3.0
tweet402,0,3.0
tweet403,0,3.0
tweet404,1,3.0
tweet405,0,3.0
tweet406,0,3.0
tweet407,0,3.0
tweet408,0,3.0
tweet409,0,3.0
tweet410,1,3.0
tweet411,0,3.0
tweet412,1,3.0
tweet413,1,3.0
tweet414,0,3.0
tweet415,0,3.0
tweet416,1,3.0
tweet417,0,3.0
tweet418,1,3.0
tweet419,0,3.0
tweet420,1,3.0
tweet421,0,3.0
tweet422,1,3.0
tweet423,0,3.0
tweet424,1,3.0
tweet425,0,3.0
tweet426,0,3.0
tweet427,0,3.0
tweet428,1,3.0
tweet429,0,3.0
tweet430,1,3.0
tweet431,1,3.0
tweet432,1,3.0
tweet433,1,3.0
tweet434,0,3.0
tweet435,1,3.0
tweet436,0,3.0
tweet437,1,3.0
tweet438,0,3.0
tweet439,0,3.0
tweet440,0,3.0
tweet441,0,3.0
tweet442,0,3.0
tweet443,1,3.0
tweet444,0,3.0
tweet445,1,3.0
tweet446,1,3.0
tweet447,0,3.0
tweet448,1,3.0
tweet449,1,3.0
tweet450,1,3.0
tweet451,0,3.0
tweet452,1,3.0
tweet453,0,3.0
tweet454,0,3.0
tweet455,0,3.0
tweet456,0,3.0
tweet457,0,3.0
tweet458,1,3.0
tweet459,1,3.0
tweet460,0,3.0
tweet461,0,3.0
tweet462,0,3.0
tweet463,0,3.0
tweet464,0,3.0
tweet465,1,3.0
tweet466,1,3.0
tweet467,0,3.0
tweet468,0,3.0
tweet469,1,3.0
tweet470,0,3.0
tweet471,0,3.0
tweet472,0,3.0
tweet473,0,3.0
tweet474,0,3.0
tweet475,0,3.0
tweet476,1,3.0
tweet477,0,3.0
tweet478,0,3.0
tweet479,0,3.0
tweet480,0,3.0
tweet481,0,3.0
tweet482,1,3.0
tweet483,0,3.0
tweet484,1,3.0
tweet485,1,3.0
tweet486,1,3.0
tweet487,0,3.0
tweet488,1,3.0
tweet489,0,3.0
tweet490,0,3.0
tweet491,0,3.0
tweet492,1,3.0
tweet493,0,3.0
tweet494,1,3.0
tweet495,0,3.0
tweet496,0,3.0
tweet497,0,3.0
tweet498,1,3.0
tweet499,1,3.0
tweet500,0,3.0
tweet501,0,3.0
tweet502,1,3.0
tweet503,1,3.0
tweet504,1,3.0
tweet505,0,3.0
tweet506,0,3.0
tweet507,0,3.0
tweet508,0,3.0
tweet509,1,3.0
tweet510,0,3.0
tweet511,1,3.0
tweet512,1,3.0
tweet513,1,3.0
tweet514,1,3.0
tweet515,0,3.0
tweet516,0,3.0
tweet517,0,3.0
tweet518,0,3.0
tweet519,0,3.0
tweet520,0,3.0
tweet521,0,3.0
tweet522,1,3.0
tweet523,1,3.0
tweet524,1,3.0
tweet525,0,3.0
tweet526,0,3.0
tweet527,0,3.0
tweet528,1,3.0
tweet529,0,3.0
tweet530,0,3.0
tweet531,1,3.0
tweet532,0,3.0
tweet533,0,3.0
tweet534,1,3.0
tweet535,0,3.0
tweet536,1,3.0
tweet537,0,3.0
tweet538,0,3.0
tweet539,0,3.0
tweet540,1,3.0
tweet541,1,3.0
tweet542,0,3.0
tweet543,1,3.0
tweet544,1,3.0
tweet545,1,3.0
tweet546,0,3.0
tweet547,0,3.0
tweet548,1,3.0
tweet549,1,3.0
tweet550,0,3.0
tweet551,1,3.0
tweet552,0,3.0
tweet553,1,3.0
tweet554,1,3.0
tweet555,0,3.0
tweet556,1,3.0
tweet557,1,3.0
tweet558,1,3.0
tweet559,0,3.0
tweet560,0,3.0
tweet561,0,3.0
tweet562,1,3.0
tweet563,0,3.0
tweet564,0,3.0
tweet565,1,3.0
tweet566,1,3.0
tweet567,0,3.0
tweet568,0,3.0
tweet569,0,3.0
tweet570,1,3.0
tweet571,1,3.0
tweet572,0,3.0
tweet573,1,3.0
tweet574,0,3.0
tweet575,1,3.0
tweet576,1,3.0
tweet577,0,3.0
tweet578,0,3.0
tweet579,1,3.0
tweet580,1,3.0
tweet581,1,3.0
tweet582,0,3.0
tweet583,0,3.0
tweet584,0,3.0
tweet585,0,3.0
tweet586,0,3.0
tweet587,0,3.0
tweet588,0,3.0
tweet589,1,3.0
tweet590,1,3.0
tweet591,1,3.0
tweet592,0,3.0
tweet593,1,3.0
tweet594,0,3.0
tweet595,0,3.0
tweet596,0,3.0
tweet597,1,3.0
tweet598,0,3.0
tweet599,1,3.0
tweet600,0,3.0
tweet601,0,3.0
tweet602,0,3.0
tweet603,0,3.0
tweet604,1,3.0
tweet605,0,3.0
tweet606,0,3.0
tweet607,1,3.0
tweet608,0,3.0
tweet609,0,3.0
tweet610,0,3.0
tweet611,1,3.0
tweet612,1,3.0
tweet613,1,3.0
tweet614,0,3.0
tweet615,0,3.0
tweet616,0,3.0
tweet617,1,3.0
tweet618,0,3.0
tweet619,0,3.0
tweet620,0,3.0
tweet621,1,3.0
tweet622,0,3.0
tweet623,0,3.0
tweet624,1,3.0
tweet625,0,3.0
tweet626,0,3.0
tweet627,1,3.0
tweet628,0,3.0
tweet629,1,3.0
tweet630,1,3.0
tweet631,0,3.0
tweet632,1,3.0
tweet633,0,3.0
tweet634,0,3.0
tweet635,1,3.0
tweet636,1,3.0
tweet637,0,3.0
tweet638,1,3.0
tweet639,1,3.0
tweet640,0,3.0
tweet641,0,3.0
tweet642,1,3.0
tweet643,0,3.0
tweet644,1,3.0
tweet645,1,3.0
tweet646,0,3.0
tweet647,0,3.0
tweet648,0,3.0
tweet649,0,3.0
tweet650,0,3.0
tweet651,1,3.0
tweet652,0,3.0
tweet653,1,3.0
tweet654,1,3.0
tweet655,1,3.0
tweet656,1,3.0
tweet657,1,3.0
tweet658,0,3.0
tweet659,1,3.0
tweet660,0,3.0
tweet661,0,3.0
tweet662,1,3.0
tweet663,1,3.0
tweet664,0,3.0
tweet665,1,3.0
tweet666,0,3.0
tweet667,0,3.0
tweet668,1,3.0
tweet669,0,3.0
tweet670,1,3.0
tweet671,1,3.0
tweet672,1,3.0
tweet673,1,3.0
tweet674,0,3.0
tweet675,0,3.0
tweet676,1,3.0
tweet677,1,3.0
tweet678,0,3.0
tweet679,1,3.0
tweet680,0,3.0
tweet681,1,3.0
tweet682,0,3.0
tweet683,0,3.0
tweet684,0,3.0
tweet685,0,3.0
tweet686,1,3.0
tweet687,1,3.0
tweet688,0,3.0
tweet689,1,3.0
tweet690,1,3.0
tweet691,0,3.0
tweet692,0,3.0
tweet693,1,3.0
tweet694,1,3.0
tweet695,0,3.0
tweet696,0,3.0
tweet697,1,3.0
tweet698,1,3.0
tweet699,1,3.0
tweet700,0,3.0
tweet701,1,3.0
tweet702,0,3.0
tweet703,0,3.0
tweet704,0,3.0
tweet705,0,3.0
tweet706,0,3.0
tweet707,0,3.0
tweet708,0,3.0
tweet709,0,3.0
tweet710,0,3.0
tweet711,1,3.0
tweet712,0,3.0
tweet713,1,3.0
tweet714,1,3.0
tweet715,0,3.0
tweet716,1,3.0
tweet717,0,3.0
tweet718,0,3.0
tweet719,0,3.0
tweet720,1,3.0
tweet721,0,3.0
tweet722,1,3.0
tweet723,0,3.0
tweet724,1,3.0
tweet725,0,3.0
tweet726,0,3.0
tweet727,1,3.0
tweet728,0,3.0
tweet729,1,3.0
tweet730,1,3.0
tweet731,0,3.0
tweet732,1,3.0
tweet733,1,3.0
tweet734,0,3.0
tweet735,1,3.0
tweet736,0,3.0
tweet737,1,3.0
tweet738,0,3.0
tweet739,1,3.0
tweet740,0,3.0
tweet741,0,3.0
tweet742,1,3.0
tweet743,0,3.0
tweet744,1,3.0
tweet745,0,3.0
tweet746,1,3.0
tweet747,0,3.0
tweet748,0,3.0
tweet749,0,3.0
tweet750,0,3.0
tweet751,0,3.0
tweet752,1,3.0
tweet753,1,3.0
tweet754,0,3.0
tweet755,0,3.0
tweet756,1,3.0
tweet757,0,3.0
tweet758,1,3.0
tweet759,0,3.0
tweet760,0,3.0
tweet761,0,3.0
tweet762,0,3.0
tweet763,0,3.0
tweet764,0,3.0
tweet765,1,3.0
tweet766,0,3.0
tweet767,0,3.0
tweet768,0,3.0
tweet769,0,3.0
tweet770,1,3.0
tweet771,1,3.0
tweet772,0,3.0
tweet773,0,3.0
tweet774,0,3.0
tweet775,1,3.0
tweet776,1,3.0
tweet777,1,3.0
tweet778,0,3.0
tweet779,0,3.0
tweet780,1,3.0
tweet781,0,3.0
tweet782,1,3.0
tweet783,0,3.0
tweet784,0,3.0
tweet785,1,3.0
tweet786,1,3.0
tweet787,0,3.0
tweet788,0,3.0
tweet789,1,3.0
tweet790,0,3.0
tweet791,0,3.0
tweet792,1,3.0
tweet793,1,3.0
tweet794,0,3.0
tweet795,1,3.0
tweet796,0,3.0
tweet797,1,3.0
tweet798,0,3.0
tweet799,1,3.0
tweet800,1,3.0
tweet801,0,3.0
tweet802,1,3.0
tweet803,1,3.0
tweet804,1,3.0
tweet805,0,3.0
tweet806,1,3.0
tweet807,0,3.0
tweet808,1,3.0
tweet809,0,3.0
tweet810,1,3.0
tweet811,1,3.0
tweet812,1,3.0
tweet813,0,3.0
tweet814,0,3.0
tweet815,0,3.0
tweet816,1,3.0
tweet817,0,3.0
tweet818,0,3.0
tweet819,0,3.0
tweet820,0,3.0
tweet821,1,3.0
tweet822,1,3.0
tweet823,1,3.0
tweet824,1,3.0
tweet825,1,3.0
tweet826,1,3.0
tweet827,1,3.0
tweet828,1,3.0
tweet829,1,3.0
tweet830,1,3.0
tweet831,1,3.0
tweet832,1,3.0
tweet833,0,3.0
tweet834,1,3.0
tweet835,1,3.0
tweet836,1,3.0
tweet837,0,3.0
tweet838,0,3.0
tweet839,0,3.0
tweet840,0,3.0
tweet841,1,3.0
tweet842,0,3.0
tweet843,0,3.0
tweet844,0,3.0
tweet845,0,3.0
tweet846,0,3.0
tweet847,0,3.0
tweet848,1,3.0
tweet849,1,3.0
tweet850,0,3.0
tweet851,0,3.0
tweet852,1,3.0
tweet853,0,3.0
tweet854,0,3.0
tweet855,0,3.0
tweet856,0,3.0
tweet857,0,3.0
tweet858,1,3.0
tweet859,1,3.0
tweet860,0,3.0
tweet861,0,3.0
tweet862,0,3.0
tweet863,1,3.0
tweet864,0,3.0
tweet865,1,3.0
tweet866,1,3.0
tweet867,0,3.0
tweet868,0,3.0
tweet869,0,3.0
tweet870,0,3.0
tweet871,0,3.0
tweet872,1,3.0
tweet873,1,3.0
tweet874,1,3.0
tweet875,1,3.0
tweet876,0,3.0
tweet877,1,3.0
tweet878,1,3.0
tweet879,1,3.0
tweet880,1,3.0
tweet881,1,3.0
tweet882,1,3.0
tweet883,1,3.0
tweet884,1,3.0
tweet885,1,3.0
tweet886,0,3.0
tweet887,0,3.0
tweet888,0,3.0
tweet889,0,3.0
tweet890,0,3.0
tweet891,1,3.0
tweet892,1,3.0
tweet893,0,3.0
tweet894,0,3.0
tweet895,1,3.0
tweet896,1,3.0
tweet897,0,3.0
tweet898,1,3.0
tweet899,1,3.0
tweet900,0,3.0
tweet901,0,3.0
tweet902,1,3.0
tweet903,0,3.0
tweet904,1,3.0
tweet905,1,3.0
tweet906,0,3.0
tweet907,1,3.0
tweet908,0,3.0
tweet909,1,3.0
tweet910,1,3.0
tweet911,0,3.0
tweet912,0,3.0
tweet913,0,3.0
tweet914,0,3.0
tweet915,1,3.0
tweet916,0,3.0
tweet917,0,3.0
tweet918,1,3.0
tweet919,0,3.0
tweet920,0,3.0
tweet921,0,3.0
tweet922,0,3.0
tweet923,1,3.0
tweet924,0,3.0
tweet925,1,3.0
tweet926,0,3.0
tweet927,1,3.0
tweet928,1,3.0
tweet929,1,3.0
tweet930,1,3.0
tweet931,0,3.0
tweet932,1,3.0
tweet933,0,3.0
tweet934,0,3.0
tweet935,0,3.0
tweet936,0,3.0
tweet937,1,3.0
tweet938,0,3.0
tweet939,0,3.0
tweet940,0,3.0
tweet941,1,3.0
tweet942,0,3.0
tweet943,0,3.0
tweet944,0,3.0
tweet945,0,3.0
tweet946,0,3.0
tweet947,0,3.0
tweet948,1,3.0
tweet949,0,3.0
tweet950,1,3.0
tweet951,0,3.0
tweet952,0,3.0
tweet953,0,3.0
tweet954,0,3.0
tweet955,1,3.0
tweet956,0,3.0
tweet957,0,3.0
tweet958,0,3.0
tweet959,0,3.0
tweet960,1,3.0
tweet961,1,3.0
tweet962,0,3.0
tweet963,1,3.0
tweet964,0,3.0
tweet965,1,3.0
tweet966,1,3.0
tweet967,1,3.0
tweet968,1,3.0
tweet969,0,3.0
tweet970,1,3.0
tweet971,0,3.0
tweet972,1,3.0
tweet973,0,3.0
tweet974,0,3.0
tweet975,0,3.0
tweet976,1,3.0
tweet977,1,3.0
tweet978,0,3.0
tweet979,0,3.0
tweet980,1,3.0
tweet981,0,3.0
tweet982,0,3.0
tweet983,0,3.0
tweet984,1,3.0
tweet985,0,3.0
tweet986,0,3.0
tweet987,1,3.0
tweet988,0,3.0
tweet989,0,3.0
tweet990,1,3.0
tweet991,1,3.0
tweet992,1,3.0
tweet993,0,3.0
tweet994,1,3.0
tweet995,0,3.0
tweet996,1,3.0
tweet997,1,3.0
tweet998,0,3.0
tweet999,1,3.0
tweet1000,1,3.0
tweet1001,1,3.0
tweet1002,1,3.0
tweet1003,1,3.0
tweet1004,0,3.0
tweet1005,1,3.0
tweet1006,0,3.0
tweet1007,1,3.0
tweet1008,0,3.0
tweet1009,0,3.0
tweet1010,1,3.0
tweet1011,0,3.0
tweet1012,1,3.0
tweet1013,0,3.0
tweet1014,1,3.0
tweet1015,1,3.0
tweet1016,0,3.0
tweet1017,0,3.0
tweet1018,1,3.0
tweet1019,0,3.0
tweet1020,0,3.0
tweet1021,1,3.0
tweet1022,0,3.0
tweet1023,0,3.0
tweet1024,0,3.0
tweet1025,1,3.0
tweet1026,1,3.0
tweet1027,1,3.0
tweet1028,0,3.0
tweet1029,1,3.0
tweet1030,0,3.0
tweet1031,0,3.0
tweet1032,1,3.0
tweet1033,0,3.0
tweet1034,0,3.0
tweet1035,0,3.0
tweet1036,0,3.0
tweet1037,1,3.0
tweet1038,0,3.0
tweet1039,1,3.0
tweet1040,0,3.0
tweet1041,1,3.0
tweet1042,0,3.0
tweet1043,0,3.0
tweet1044,1,3.0
tweet1045,0,3.0
tweet1046,0,3.0
tweet1047,1,3.0
tweet1048,1,3.0
tweet1049,0,3.0
tweet1050,1,3.0
tweet1051,1,3.0
tweet1052,0,3.0
tweet1053,1,3.0
tweet1054,1,3.0
tweet1055,0,3.0
tweet1056,0,3.0
tweet1057,0,3.0
tweet1058,1,3.0
tweet1059,1,3.0
tweet1060,1,3.0
tweet1061,0,3.0
tweet1062,1,3.0
tweet1063,0,3.0
tweet1064,0,3.0
tweet1065,1,3.0
tweet1066,0,3.0
tweet1067,0,3.0
tweet1068,1,3.0
tweet1069,0,3.0
tweet1070,0,3.0
tweet1071,0,3.0
tweet1072,1,3.0
tweet1073,1,3.0
tweet1074,1,3.0
tweet1075,0,3.0
tweet1076,1,3.0
tweet1077,0,3.0
tweet1078,0,3.0
tweet1079,0,3.0
tweet1080,1,3.0
tweet1081,1,3.0
tweet1082,1,3.0
tweet1083,1,3.0
tweet1084,0,3.0
tweet1085,1,3.0
tweet1086,0,3.0
tweet1087,0,3.0
tweet1088,1,3.0
tweet1089,0,3.0
tweet1090,1,3.0
tweet1091,1,3.0
tweet1092,0,3.0
tweet1093,1,3.0
tweet1094,0,3.0
tweet1095,1,3.0
tweet1096,0,3.0
tweet1097,1,3.0
tweet1098,1,3.0
tweet1099,1,3.0
tweet1100,1,3.0
tweet1101,0,3.0
tweet1102,0,3.0
tweet1103,0,3.0
tweet1104,1,3.0
tweet1105,1,3.0
tweet1106,1,3.0
tweet1107,0,3.0
tweet1108,0,3.0
tweet1109,0,3.0
tweet1110,0,3.0
tweet1111,1,3.0
tweet1112,1,3.0
tweet1113,0,3.0
tweet1114,0,3.0
tweet1115,1,3.0
tweet1116,0,3.0
tweet1117,1,3.0
tweet1118,0,3.0
tweet1119,0,3.0
tweet1120,0,3.0
tweet1121,0,3.0
tweet1122,0,3.0
tweet1123,0,3.0
tweet1124,0,3.0
tweet1125,1,3.0
tweet1126,0,3.0
tweet1127,0,3.0
tweet1128,1,3.0
tweet1129,0,3.0
tweet1130,1,3.0
tweet1131,0,3.0
tweet1132,1,3.0
tweet1133,0,3.0
tweet1134,1,3.0
tweet1135,1,3.0
tweet1136,0,3.0
tweet1137,1,3.0
tweet1138,1,3.0
tweet1139,1,3.0
tweet1140,0,3.0
tweet1141,1,3.0
tweet1142,1,3.0
tweet1143,0,3.0
tweet1144,0,3.0
tweet1145,0,3.0
tweet1146,1,3.0
tweet1147,0,3.0
tweet1148,0,3.0
tweet1149,0,3.0
tweet1150,0,3.0
tweet1151,1,3.0
tweet1152,0,3.0
tweet1153,1,3.0
tweet1154,1,3.0
tweet1155,0,3.0
tweet1156,1,3.0
tweet1157,1,3.0
tweet1158,0,3.0
tweet1159,1,3.0
tweet1160,1,3.0
tweet1161,0,3.0
tweet1162,0,3.0
tweet1163,0,3.0
tweet1164,0,3.0
tweet1165,0,3.0
tweet1166,1,3.0
tweet1167,1,3.0
tweet1168,0,3.0
tweet1169,0,3.0
tweet1170,0,3.0
tweet1171,1,3.0
tweet1172,0,3.0
tweet1173,0,3.0
tweet1174,0,3.0
tweet1175,0,3.0
tweet1176,0,3.0
tweet1177,0,3.0
tweet1178,0,3.0
tweet1179,0,3.0
tweet1180,0,3.0
tweet1181,0,3.0
tweet1182,1,3.0
tweet1183,0,3.0
tweet1184,1,3.0
tweet1185,1,3.0
tweet1186,1,3.0
tweet1187,0,3.0
tweet1188,0,3.0
tweet1189,1,3.0
tweet1190,0,3.0
tweet1191,1,3.0
tweet1192,0,3.0
tweet1193,0,3.0
tweet1194,0,3.0
tweet1195,0,3.0
tweet1196,1,3.0
tweet1197,0,3.0
tweet1198,0,3.0
tweet1199,0,3.0
tweet1200,1,3.0
tweet1201,1,3.0
tweet1202,0,3.0
tweet1203,1,3.0
tweet1204,0,3.0
tweet1205,1,3.0
tweet1206,1,3.0
tweet1207,1,3.0
tweet1208,1,3.0
tweet1209,1,3.0
tweet1210,1,3.0
tweet1211,0,3.0
tweet1212,0,3.0
tweet1213,0,3.0
tweet1214,1,3.0
tweet1215,1,3.0
tweet1216,0,3.0
tweet1217,1,3.0
tweet1218,1,3.0
tweet1219,0,3.0
tweet1220,1,3.0
tweet1221,1,3.0
tweet1222,1,3.0
tweet1223,1,3.0
tweet1224,1,3.0
tweet1225,1,3.0
tweet1226,0,3.0
tweet1227,1,3.0
tweet1228,1,3.0
tweet1229,0,3.0
tweet1230,0,3.0
tweet1231,1,3.0
tweet1232,0,3.0
tweet1233,0,3.0
tweet1234,0,3.0
tweet1235,1,3.0
tweet1236,1,3.0
tweet1237,1,3.0
tweet1238,0,3.0
tweet1239,0,3.0
tweet1240,0,3.0
tweet1241,0,3.0
tweet1242,1,3.0
tweet1243,1,3.0
tweet1244,0,3.0
tweet1245,0,3.0
tweet1246,0,3.0
tweet1247,1,3.0
tweet1248,0,3.0
tweet1249,1,3.0
tweet1250,0,3.0
tweet1251,1,3.0
tweet1252,0,3.0
tweet1253,0,3.0
tweet1254,0,3.0
tweet1255,0,3.0
tweet1256,1,3.0
tweet1257,0,3.0
tweet1258,1,3.0
tweet1259,0,3.0
tweet1260,0,3.0
tweet1261,1,3.0
tweet1262,1,3.0
tweet1263,0,3.0
tweet1264,0,3.0
tweet1265,0,3.0
tweet1266,0,3.0
tweet1267,1,3.0
tweet1268,1,3.0
tweet1269,0,3.0
tweet1270,1,3.0
tweet1271,0,3.0
tweet1272,0,3.0
tweet1273,1,3.0
tweet1274,0,3.0
tweet1275,0,3.0
tweet1276,1,3.0
tweet1277,1,3.0
tweet1278,0,3.0
tweet1279,1,3.0
tweet1280,0,3.0
tweet1281,0,3.0
tweet1282,0,3.0
tweet1283,0,3.0
tweet1284,1,3.0
tweet1285,0,3.0
tweet1286,0,3.0
tweet1287,1,3.0
tweet1288,1,3.0
tweet1289,1,3.0
tweet1290,1,3.0
tweet1291,1,3.0
tweet1292,1,3.0
tweet1293,0,3.0
tweet1294,1,3.0
tweet1295,0,3.0
tweet1296,0,3.0
tweet1297,1,3.0
tweet1298,1,3.0
tweet1299,0,3.0
tweet1300,0,3.0
tweet1301,0,3.0
tweet1302,1,3.0
tweet1303,0,3.0
tweet1304,1,3.0
tweet1305,0,3.0
tweet1306,1,3.0
tweet1307,1,3.0
tweet1308,1,3.0
tweet1309,0,3.0
tweet1310,0,3.0
tweet1311,1,3.0
tweet1312,0,3.0
tweet1313,0,3.0
tweet1314,0,3.0
tweet1315,0,3.0
tweet1316,0,3.0
tweet1317,1,3.0
tweet1318,1,3.0
tweet1319,1,3.0
tweet1320,0,3.0
tweet1321,1,3.0
tweet1322,1,3.0
tweet1323,0,3.0
tweet1324,0,3.0
tweet1325,1,3.0
tweet1326,0,3.0
tweet1327,1,3.0
tweet1328,0,3.0
tweet1329,0,3.0
tweet1330,1,3.0
tweet1331,0,3.0
tweet1332,1,3.0
tweet1333,1,3.0
tweet1334,1,3.0
tweet1335,0,3.0
tweet1336,1,3.0
tweet1337,1,3.0
tweet1338,1,3.0
tweet1339,1,3.0
tweet1340,0,3.0
tweet1341,0,3.0
tweet1342,1,3.0
tweet1343,1,3.0
tweet1344,0,3.0
tweet1345,0,3.0
tweet1346,0,3.0
tweet1347,0,3.0
tweet1348,1,3.0
tweet1349,0,3.0
tweet1350,0,3.0
tweet1351,0,3.0
tweet1352,1,3.0
tweet1353,1,3.0
tweet1354,0,3.0
tweet1355,0,3.0
tweet1356,1,3.0
tweet1357,0,3.0
tweet1358,0,3.0
tweet1359,0,3.0
tweet1360,1,3.0
tweet1361,1,3.0
tweet1362,1,3.0
tweet1363,0,3.0
tweet1364,0,3.0
tweet1365,0,3.0
tweet1366,0,3.0
tweet1367,1,3.0
tweet1368,0,3.0
tweet1369,1,3.0
tweet1370,1,3.0
tweet1371,1,3.0
tweet1372,0,3.0
tweet1373,0,3.0
tweet1374,1,3.0
tweet1375,0,3.0
tweet1376,0,3.0
tweet1377,0,3.0
tweet1378,0,3.0
tweet1379,1,3.0
tweet1380,1,3.0
tweet1381,1,3.0
tweet1382,0,3.0
tweet1383,1,3.0
tweet1384,1,3.0
tweet1385,0,3.0
tweet1386,0,3.0
tweet1387,0,3.0
tweet1388,0,3.0
tweet1389,1,3.0
tweet1390,0,3.0
tweet1391,0,3.0
tweet1392,1,3.0
tweet1393,0,3.0
tweet1394,0,3.0
tweet1395,1,3.0
tweet1396,0,3.0
tweet1397,1,3.0
tweet1398,1,3.0
tweet1399,0,3.0
tweet1400,0,3.0
tweet1401,0,3.0
tweet1402,0,3.0
tweet1403,0,3.0
tweet1404,1,3.0
tweet1405,0,3.0
tweet1406,0,3.0
tweet1407,0,3.0
tweet1408,0,3.0
tweet1409,0,3.0
tweet1410,0,3.0
tweet1411,1,3.0
tweet1412,1,3.0
tweet1413,0,3.0
tweet1414,0,3.0
tweet1415,0,3.0
tweet1416,1,3.0
tweet1417,1,3.0
tweet1418,0,3.0
tweet1419,0,3.0
tweet1420,0,3.0
tweet1421,0,3.0
tweet1422,1,3.0
tweet1423,0,3.0
tweet1424,1,3.0
tweet1425,0,3.0
tweet1426,1,3.0
tweet1427,0,3.0
tweet1428,0,3.0
tweet1429,0,3.0
tweet1430,1,3.0
tweet1431,1,3.0
tweet1432,0,3.0
tweet1433,1,3.0
tweet1434,1,3.0
tweet1435,1,3.0
tweet1436,1,3.0
tweet1437,1,3.0
tweet1438,0,3.0
tweet1439,1,3.0
tweet1440,1,3.0
tweet1441,1,3.0
tweet1442,1,3.0
tweet1443,1,3.0
tweet1444,0,3.0
tweet1445,1,3.0
tweet1446,0,3.0
tweet1447,0,3.0
tweet1448,0,3.0
tweet1449,1,3.0
tweet1450,0,3.0
tweet1451,0,3.0
tweet1452,0,3.0
tweet1453,0,3.0
tweet1454,0,3.0
tweet1455,0,3.0
tweet1456,0,3.0
tweet1457,0,3.0
tweet1458,1,3.0
tweet1459,0,3.0
tweet1460,0,3.0
tweet1461,0,3.0
tweet1462,0,3.0
tweet1463,1,3.0
tweet1464,0,3.0
tweet1465,0,3.0
tweet1466,0,3.0
tweet1467,0,3.0
tweet1468,0,3.0
tweet1469,1,3.0
tweet1470,1,3.0
tweet1471,1,3.0
tweet1472,0,3.0
tweet1473,0,3.0
tweet1474,1,3.0
tweet1475,0,3.0
tweet1476,0,3.0
tweet1477,0,3.0
tweet1478,1,3.0
tweet1479,0,3.0
tweet1480,0,3.0
tweet1481,0,3.0
tweet1482,1,3.0
tweet1483,0,3.0
tweet1484,1,3.0
tweet1485,1,3.0
tweet1486,0,3.0
tweet1487,1,3.0
tweet1488,0,3.0
tweet1489,0,3.0
tweet1490,0,3.0
tweet1491,0,3.0
tweet1492,0,3.0
tweet1493,1,3.0
tweet1494,0,3.0
tweet1495,0,3.0
tweet1496,0,3.0
tweet1497,0,3.0
tweet1498,1,3.0
tweet1499,0,3.0
tweet1500,0,3.0
tweet1501,1,3.0
tweet1502,1,3.0
tweet1503,1,3.0
tweet1504,1,3.0
tweet1505,0,3.0
tweet1506,0,3.0
tweet1507,1,3.0
tweet1508,0,3.0
tweet1509,0,3.0
tweet1510,1,3.0
tweet1511,0,3.0
tweet1512,0,3.0
tweet1513,1,3.0
tweet1514,1,3.0
tweet1515,1,3.0
tweet1516,0,3.0
tweet1517,1,3.0
tweet1518,0,3.0
tweet1519,1,3.0
tweet1520,1,3.0
tweet1521,1,3.0
tweet1522,1,3.0
tweet1523,1,3.0
tweet1524,1,3.0
tweet1525,0,3.0
tweet1526,0,3.0
tweet1527,1,3.0
tweet1528,0,3.0
tweet1529,1,3.0
tweet1530,0,3.0
tweet1531,1,3.0
tweet1532,1,3.0
tweet1533,0,3.0
tweet1534,0,3.0
tweet1535,0,3.0
tweet1536,1,3.0
tweet1537,0,3.0
tweet1538,0,3.0
tweet1539,0,3.0
tweet1540,1,3.0
tweet1541,1,3.0
tweet1542,0,3.0
tweet1543,0,3.0
tweet1544,0,3.0
tweet1545,1,3.0
tweet1546,1,3.0
tweet1547,0,3.0
tweet1548,1,3.0
tweet1549,1,3.0
tweet1550,1,3.0
tweet1551,0,3.0
tweet1552,0,3.0
tweet1553,1,3.0
tweet1554,1,3.0
tweet1555,1,3.0
tweet1556,1,3.0
tweet1557,1,3.0
tweet1558,1,3.0
tweet1559,1,3.0
tweet1560,0,3.0
tweet1561,1,3.0
tweet1562,1,3.0
tweet1563,0,3.0
tweet1564,0,3.0
tweet1565,0,3.0
tweet1566,0,3.0
tweet1567,1,3.0
tweet1568,0,3.0
tweet1569,0,3.0
tweet1570,1,3.0
tweet1571,0,3.0
tweet1572,0,3.0
tweet1573,1,3.0
tweet1574,0,3.0
tweet1575,0,3.0
tweet1576,0,3.0
tweet1577,1,3.0
tweet1578,0,3.0
tweet1579,0,3.0
tweet1580,1,3.0
tweet1581,0,3.0
tweet1582,1,3.0
tweet1583,1,3.0
tweet1584,0,3.0
tweet1585,0,3.0
tweet1586,0,3.0
tweet1587,0,3.0
tweet1588,0,3.0
tweet1589,1,3.0
tweet1590,0,3.0
tweet1591,1,3.0
tweet1592,0,3.0
tweet1593,0,3.0
tweet1594,0,3.0
tweet1595,0,3.0
tweet1596,0,3.0
tweet1597,0,3.0
tweet1598,0,3.0
tweet1599,0,3.0
tweet1600,0,3.0
tweet1601,0,3.0
tweet1602,0,3.0
tweet1603,0,3.0
tweet1604,1,3.0
tweet1605,0,3.0
tweet1606,0,3.0
tweet1607,0,3.0
tweet1608,0,3.0
tweet1609,1,3.0
tweet1610,1,3.0
tweet1611,1,3.0
tweet1612,0,3.0
tweet1613,1,3.0
tweet1614,0,3.0
tweet1615,0,3.0
tweet1616,1,3.0
tweet1617,1,3.0
tweet1618,0,3.0
tweet1619,1,3.0
tweet1620,0,3.0
tweet1621,1,3.0
tweet1622,1,3.0
tweet1623,0,3.0
tweet1624,0,3.0
tweet1625,0,3.0
tweet1626,1,3.0
tweet1627,1,3.0
tweet1628,1,3.0
tweet1629,1,3.0
tweet1630,1,3.0
tweet1631,0,3.0
tweet1632,1,3.0
tweet1633,1,3.0
tweet1634,1,3.0
tweet1635,0,3.0
tweet1636,1,3.0
tweet1637,1,3.0
tweet1638,0,3.0
tweet1639,0,3.0
tweet1640,1,3.0
tweet1641,0,3.0
tweet1642,1,3.0
tweet1643,0,3.0
tweet1644,0,3.0
tweet1645,1,3.0
tweet1646,1,3.0
tweet1647,1,3.0
tweet1648,0,3.0
tweet1649,0,3.0
tweet1650,0,3.0
tweet1651,0,3.0
tweet1652,0,3.0
tweet1653,0,3.0
tweet1654,0,3.0
tweet1655,1,3.0
tweet1656,0,3.0
tweet1657,0,3.0
tweet1658,1,3.0
tweet1659,1,3.0
tweet1660,1,3.0
tweet1661,1,3.0
tweet1662,1,3.0
tweet1663,1,3.0
tweet1664,0,3.0
tweet1665,0,3.0
tweet1666,0,3.0
tweet1667,1,3.0
tweet1668,0,3.0
tweet1669,0,3.0
tweet1670,0,3.0
tweet1671,1,3.0
tweet1672,1,3.0
tweet1673,0,3.0
tweet1674,1,3.0
tweet1675,0,3.0
tweet1676,1,3.0
tweet1677,0,3.0
tweet1678,0,3.0
tweet1679,0,3.0
tweet1680,1,3.0
tweet1681,0,3.0
tweet1682,1,3.0
tweet1683,0,3.0
tweet1684,1,3.0
tweet1685,1,3.0
tweet1686,0,3.0
tweet1687,0,3.0
tweet1688,0,3.0
tweet1689,1,3.0
tweet1690,1,3.0
tweet1691,0,3.0
tweet1692,0,3.0
tweet1693,1,3.0
tweet1694,0,3.0
tweet1695,1,3.0
tweet1696,1,3.0
tweet1697,0,3.0
tweet1698,0,3.0
tweet1699,0,3.0
tweet1700,1,3.0
tweet1701,1,3.0
tweet1702,0,3.0
tweet1703,0,3.0
tweet1704,0,3.0
tweet1705,1,3.0
tweet1706,1,3.0
tweet1707,0,3.0
tweet1708,0,3.0
tweet1709,1,3.0
tweet1710,0,3.0
tweet1711,0,3.0
tweet1712,0,3.0
tweet1713,1,3.0
tweet1714,0,3.0
tweet1715,1,3.0
tweet1716,1,3.0
tweet1717,1,3.0
tweet1718,1,3.0
tweet1719,0,3.0
tweet1720,0,3.0
tweet1721,0,3.0
tweet1722,0,3.0
tweet1723,1,3.0
tweet1724,0,3.0
tweet1725,0,3.0
tweet1726,1,3.0
tweet1727,1,3.0
tweet1728,0,3.0
tweet1729,0,3.0
tweet1730,0,3.0
tweet1731,1,3.0
tweet1732,1,3.0
tweet1733,0,3.0
tweet1734,0,3.0
tweet1735,1,3.0
tweet1736,1,3.0
tweet1737,1,3.0
tweet1738,1,3.0
tweet1739,1,3.0
tweet1740,0,3.0
tweet1741,1,3.0
tweet1742,0,3.0
tweet1743,1,3.0
tweet1744,1,3.0
tweet1745,0,3.0
tweet1746,0,3.0
tweet1747,1,3.0
tweet1748,0,3.0
tweet1749,0,3.0
tweet1750,0,3.0
tweet1751,0,3.0
tweet1752,0,3.0
tweet1753,0,3.0
tweet1754,0,3.0
tweet1755,0,3.0
tweet1756,0,3.0
tweet1757,1,3.0
tweet1758,0,3.0
tweet1759,1,3.0
tweet1760,1,3.0
tweet1761,0,3.0
tweet1762,1,3.0
tweet1763,0,3.0
tweet1764,0,3.0
tweet1765,1,3.0
tweet1766,1,3.0
tweet1767,0,3.0
tweet1768,1,3.0
tweet1769,0,3.0
tweet1770,1,3.0
tweet1771,1,3.0
tweet1772,0,3.0
tweet1773,0,3.0
tweet1774,1,3.0
tweet1775,0,3.0
tweet1776,1,3.0
tweet1777,1,3.0
tweet1778,0,3.0
tweet1779,0,3.0
tweet1780,0,3.0
tweet1781,1,3.0
tweet1782,1,3.0
tweet1783,0,3.0
tweet1784,0,3.0
tweet1785,0,3.0
tweet1786,1,3.0
tweet1787,0,3.0
tweet1788,0,3.0
tweet1789,1,3.0
tweet1790,0,3.0
tweet1791,0,3.0
tweet1792,0,3.0
tweet1793,0,3.0
tweet1794,1,3.0
tweet1795,0,3.0
tweet1796,1,3.0
tweet1797,1,3.0
tweet1798,1,3.0
tweet1799,0,3.0
tweet1800,0,3.0
tweet1801,1,3.0
tweet1802,0,3.0
tweet1803,0,3.0
tweet1804,1,3.0
tweet1805,0,3.0
tweet1806,0,3.0
tweet1807,1,3.0
tweet1808,0,3.0
tweet1809,1,3.0
tweet1810,1,3.0
tweet1811,0,3.0
tweet1812,1,3.0
tweet1813,0,3.0
tweet1814,0,3.0
tweet1815,1,3.0
tweet1816,0,3.0
tweet1817,0,3.0
tweet1818,1,3.0
tweet1819,0,3.0
tweet1820,0,3.0
tweet1821,1,3.0
tweet1822,0,3.0
tweet1823,0,3.0
tweet1824,1,3.0
tweet1825,0,3.0
tweet1826,1,3.0
tweet1827,0,3.0
tweet1828,0,3.0
tweet1829,0,3.0
tweet1830,1,3.0
tweet1831,1,3.0
tweet1832,0,3.0
tweet1833,1,3.0
tweet1834,0,3.0
tweet1835,0,3.0
tweet1836,1,3.0
tweet1837,0,3.0
tweet1838,1,3.0
tweet1839,0,3.0
tweet1840,1,3.0
tweet1841,0,3.0
tweet1842,0,3.0
tweet1843,0,3.0
tweet1844,0,3.0
tweet1845,0,3.0
tweet1846,0,3.0
tweet1847,0,3.0
tweet1848,1,3.0
tweet1849,0,3.0
tweet1850,1,3.0
tweet1851,1,3.0
tweet1852,1,3.0
tweet1853,0,3.0
tweet1854,1,3.0
tweet1855,0,3.0
tweet1856,1,3.0
tweet1857,0,3.0
tweet1858,1,3.0
tweet1859,0,3.0
tweet1860,0,3.0
tweet1861,1,3.0
tweet1862,0,3.0
tweet1863,1,3.0
tweet1864,1,3.0
tweet1865,1,3.0
tweet1866,0,3.0
tweet1867,0,3.0
tweet1868,0,3.0
tweet1869,1,3.0
tweet1870,1,3.0
tweet1871,0,3.0
tweet1872,0,3.0
tweet1873,1,3.0
tweet1874,1,3.0
tweet1875,1,3.0
tweet1876,1,3.0
tweet1877,0,3.0
tweet1878,1,3.0
tweet1879,1,3.0
tweet1880,0,3.0
tweet1881,1,3.0
tweet1882,1,3.0
tweet1883,0,3.0
tweet1884,0,3.0
tweet1885,0,3.0
tweet1886,1,3.0
tweet1887,1,3.0
tweet1888,1,3.0
tweet1889,1,3.0
tweet1890,1,3.0
tweet1891,0,3.0
tweet1892,1,3.0
tweet1893,1,3.0
tweet1894,0,3.0
tweet1895,0,3.0
tweet1896,0,3.0
tweet1897,1,3.0
tweet1898,1,3.0
tweet1899,0,3.0
tweet1900,1,3.0
tweet1901,1,3.0
tweet1902,1,3.0
tweet1903,0,3.0
tweet1904,1,3.0
tweet1905,1,3.0
tweet1906,1,3.0
tweet1907,1,3.0
tweet1908,0,3.0
tweet1909,1,3.0
tweet1910,1,3.0
tweet1911,1,3.0
tweet1912,1,3.0
tweet1913,0,3.0
tweet1914,0,3.0
tweet1915,0,3.0
tweet1916,1,3.0
tweet1917,1,3.0
tweet1918,1,3.0
tweet1919,1,3.0
tweet1920,0,3.0
tweet1921,0,3.0
tweet1922,1,3.0
tweet1923,0,3.0
tweet1924,0,3.0
tweet1925,0,3.0
tweet1926,1,3.0
tweet1927,1,3.0
tweet1928,0,3.0
tweet1929,0,3.0
tweet1930,0,3.0
tweet1931,1,3.0
tweet1932,1,3.0
tweet1933,0,3.0
tweet1934,0,3.0
tweet1935,0,3.0
tweet1936,1,3.0
tweet1937,0,3.0
tweet1938,0,3.0
tweet1939,0,3.0
tweet1940,0,3.0
tweet1941,1,3.0
tweet1942,1,3.0
tweet1943,0,3.0
tweet1944,0,3.0
tweet1945,0,3.0
tweet1946,0,3.0
tweet1947,1,3.0
tweet1948,1,3.0
tweet1949,0,3.0
tweet1950,1,3.0
tweet1951,1,3.0
tweet1952,0,3.0
tweet1953,0,3.0
tweet1954,1,3.0
tweet1955,1,3.0
tweet1956,0,3.0
tweet1957,0,3.0
tweet1958,1,3.0
tweet1959,1,3.0
tweet1960,1,3.0
tweet1961,0,3.0
tweet1962,1,3.0
tweet1963,0,3.0
tweet1964,1,3.0
tweet1965,1,3.0
tweet1966,1,3.0
tweet1967,1,3.0
tweet1968,0,3.0
tweet1969,0,3.0
tweet1970,0,3.0
tweet1971,1,3.0
tweet1972,0,3.0
tweet1973,0,3.0
tweet1974,0,3.0
tweet1975,1,3.0
tweet1976,0,3.0
tweet1977,0,3.0
tweet1978,1,3.0
tweet1979,1,3.0
tweet1980,1,3.0
tweet1981,0,3.0
tweet1982,1,3.0
tweet1983,1,3.0
tweet1984,1,3.0
tweet1985,0,3.0
tweet1986,0,3.0
tweet1987,1,3.0
tweet1988,0,3.0
tweet1989,0,3.0
tweet1990,1,3.0
tweet1991,1,3.0
tweet1992,0,3.0
tweet1993,0,3.0
tweet1994,0,3.0
tweet1995,1,3.0
tweet1996,0,3.0
tweet1997,0,3.0
tweet1998,1,3.0
tweet1999,1,3.0
tweet2000,0,3.0
tweet2001,1,3.0
tweet2002,0,3.0
tweet2003,0,3.0
tweet2004,1,3.0
tweet2005,0,3.0
tweet2006,1,3.0
tweet2007,1,3.0
tweet2008,1,3.0
tweet2009,0,3.0
tweet2010,1,3.0
tweet2011,1,3.0
tweet2012,0,3.0
tweet2013,0,3.0
tweet2014,0,3.0
tweet2015,1,3.0
tweet2016,1,3.0
tweet2017,0,3.0
tweet2018,1,3.0
tweet2019,0,3.0
tweet2020,0,3.0
tweet2021,1,3.0
tweet2022,1,3.0
tweet2023,0,3.0
tweet2024,0,3.0
tweet2025,1,3.0
tweet2026,0,3.0
tweet2027,0,3.0
tweet2028,1,3.0
tweet2029,1,3.0
tweet2030,1,3.0
tweet2031,0,3.0
tweet2032,1,3.0
tweet2033,1,3.0
tweet2034,1,3.0
tweet2035,0,3.0
tweet2036,0,3.0
tweet2037,1,3.0
tweet2038,1,3.0
tweet2039,1,3.0
tweet2040,1,3.0
tweet2041,0,3.0
tweet2042,1,3.0
tweet2043,0,3.0
tweet2044,0,3.0
tweet2045,1,3.0
tweet2046,0,3.0
tweet2047,0,3.0
tweet2048,0,3.0
tweet2049,0,3.0
tweet2050,0,3.0
tweet2051,1,3.0
tweet2052,1,3.0
tweet2053,0,3.0
tweet2054,0,3.0
tweet2055,1,3.0
tweet2056,1,3.0
tweet2057,0,3.0
tweet2058,0,3.0
tweet2059,0,3.0
tweet2060,1,3.0
tweet2061,0,3.0
tweet2062,1,3.0
tweet2063,1,3.0
tweet2064,0,3.0
tweet2065,1,3.0
tweet2066,1,3.0
tweet2067,0,3.0
tweet2068,0,3.0
tweet2069,1,3.0
tweet2070,0,3.0
tweet2071,1,3.0
tweet2072,0,3.0
tweet2073,0,3.0
tweet2074,0,3.0
tweet2075,0,3.0
tweet2076,1,3.0
tweet2077,1,3.0
tweet2078,1,3.0
tweet2079,1,3.0
tweet2080,1,3.0
tweet2081,0,3.0
tweet2082,0,3.0
tweet2083,1,3.0
tweet2084,0,3.0
tweet2085,0,3.0
tweet2086,1,3.0
tweet2087,1,3.0
tweet2088,0,3.0
tweet2089,0,3.0
tweet2090,0,3.0
tweet2091,0,3.0
tweet2092,0,3.0
tweet2093,1,3.0
tweet2094,0,3.0
tweet2095,0,3.0
tweet2096,1,3.0
tweet2097,0,3.0
tweet2098,1,3.0
tweet2099,0,3.0
tweet2100,0,3.0
tweet2101,1,3.0
tweet2102,1,3.0
tweet2103,0,3.0
tweet2104,1,3.0
tweet2105,0,3.0
tweet2106,1,3.0
tweet2107,1,3.0
tweet2108,1,3.0
tweet2109,1,3.0
tweet2110,1,3.0
tweet2111,0,3.0
tweet2112,0,3.0
tweet2113,1,3.0
tweet2114,0,3.0
tweet2115,0,3.0
tweet2116,1,3.0
tweet2117,1,3.0
tweet2118,1,3.0
tweet2119,1,3.0
tweet2120,0,3.0
tweet2121,1,3.0
tweet2122,1,3.0
tweet2123,0,3.0
tweet2124,0,3.0
tweet2125,0,3.0
tweet2126,0,3.0
tweet2127,1,3.0
tweet2128,0,3.0
tweet2129,1,3.0
tweet2130,1,3.0
tweet2131,1,3.0
tweet2132,0,3.0
tweet2133,0,3.0
tweet2134,0,3.0
tweet2135,1,3.0
tweet2136,1,3.0
tweet2137,0,3.0
tweet2138,0,3.0
tweet2139,1,3.0
tweet2140,0,3.0
tweet2141,0,3.0
tweet2142,0,3.0
tweet2143,0,3.0
tweet2144,1,3.0
tweet2145,0,3.0
tweet2146,1,3.0
tweet2147,0,3.0
tweet2148,1,3.0
tweet2149,1,3.0
tweet2150,1,3.0
tweet2151,0,3.0
tweet2152,1,3.0
tweet2153,0,3.0
tweet2154,1,3.0
tweet2155,1,3.0
tweet2156,0,3.0
tweet2157,1,3.0
tweet2158,0,3.0
tweet2159,1,3.0
tweet2160,0,3.0
tweet2161,1,3.0
tweet2162,0,3.0
tweet2163,1,3.0
tweet2164,0,3.0
tweet2165,0,3.0
tweet2166,0,3.0
tweet2167,0,3.0
tweet2168,0,3.0
tweet2169,1,3.0
tweet2170,1,3.0
tweet2171,0,3.0
tweet2172,0,3.0
tweet2173,1,3.0
tweet2174,0,3.0
tweet2175,1,3.0
tweet2176,0,3.0
tweet2177,1,3.0
tweet2178,0,3.0
tweet2179,0,3.0
tweet2180,0,3.0
tweet2181,0,3.0
tweet2182,0,3.0
tweet2183,1,3.0
tweet2184,1,3.0
tweet2185,0,3.0
tweet2186,0,3.0
tweet2187,0,3.0
tweet2188,1,3.0
tweet2189,0,3.0
tweet2190,0,3.0
tweet2191,0,3.0
tweet2192,1,3.0
tweet2193,0,3.0
tweet2194,0,3.0
tweet2195,0,3.0
tweet2196,0,3.0
tweet2197,0,3.0
tweet2198,1,3.0
tweet2199,0,3.0
tweet2200,1,3.0
tweet2201,0,3.0
tweet2202,0,3.0
tweet2203,1,3.0
tweet2204,1,3.0
tweet2205,1,3.0
tweet2206,0,3.0
tweet2207,1,3.0
tweet2208,0,3.0
tweet2209,0,3.0
tweet2210,0,3.0
tweet2211,1,3.0
tweet2212,1,3.0
tweet2213,0,3.0
tweet2214,0,3.0
tweet2215,0,3.0
tweet2216,1,3.0
tweet2217,0,3.0
tweet2218,0,3.0
tweet2219,0,3.0
tweet2220,0,3.0
tweet2221,0,3.0
tweet2222,0,3.0
tweet2223,0,3.0
tweet2224,0,3.0
tweet2225,1,3.0
tweet2226,1,3.0
tweet2227,1,3.0
tweet2228,0,3.0
tweet2229,0,3.0
tweet2230,0,3.0
tweet2231,0,3.0
tweet2232,1,3.0
tweet2233,0,3.0
tweet2234,0,3.0
tweet2235,1,3.0
tweet2236,1,3.0
tweet2237,1,3.0
tweet2238,1,3.0
tweet2239,0,3.0
tweet2240,0,3.0
tweet2241,0,3.0
tweet2242,1,3.0
tweet2243,1,3.0
tweet2244,0,3.0
tweet2245,0,3.0
tweet2246,1,3.0
tweet2247,0,3.0
tweet2248,0,3.0
tweet2249,0,3.0
tweet2250,1,3.0
tweet2251,0,3.0
tweet2252,1,3.0
tweet2253,0,3.0
tweet2254,0,3.0
tweet2255,0,3.0
tweet2256,1,3.0
tweet2257,1,3.0
tweet2258,0,3.0
tweet2259,1,3.0
tweet2260,0,3.0
tweet2261,1,3.0
tweet2262,1,3.0
tweet2263,0,3.0
tweet2264,0,3.0
tweet2265,1,3.0
tweet2266,0,3.0
tweet2267,1,3.0
tweet2268,0,3.0
tweet2269,0,3.0
tweet2270,0,3.0
tweet2271,1,3.0
tweet2272,0,3.0
tweet2273,1,3.0
tweet2274,0,3.0
tweet2275,1,3.0
tweet2276,1,3.0
tweet2277,0,3.0
tweet2278,1,3.0
tweet2279,0,3.0
tweet2280,0,3.0
tweet2281,0,3.0
tweet2282,1,3.0
tweet2283,1,3.0
tweet2284,1,3.0
tweet2285,0,3.0
tweet2286,1,3.0
tweet2287,0,3.0
tweet2288,1,3.0
tweet2289,0,3.0
tweet2290,0,3.0
tweet2291,0,3.0
tweet2292,0,3.0
tweet2293,0,3.0
tweet2294,1,3.0
tweet2295,1,3.0
tweet2296,0,3.0
tweet2297,0,3.0
tweet2298,0,3.0
tweet2299,1,3.0
tweet2300,0,3.0
tweet2301,0,3.0
tweet2302,1,3.0
tweet2303,1,3.0
tweet2304,1,3.0
tweet2305,1,3.0
tweet2306,0,3.0
tweet2307,1,3.0
tweet2308,1,3.0
tweet2309,0,3.0
tweet2310,0,3.0
tweet2311,0,3.0
tweet2312,1,3.0
tweet2313,1,3.0
tweet2314,1,3.0
tweet2315,0,3.0
tweet2316,0,3.0
tweet2317,0,3.0
tweet2318,1,3.0
tweet2319,0,3.0
tweet2320,1,3.0
tweet2321,1,3.0
tweet2322,1,3.0
tweet2323,0,3.0
tweet2324,0,3.0
tweet2325,1,3.0
tweet2326,1,3.0
tweet2327,0,3.0
tweet2328,1,3.0
tweet2329,0,3.0
tweet2330,0,3.0
tweet2331,1,3.0
tweet2332,0,3.0
tweet2333,1,3.0
tweet2334,1,3.0
tweet2335,1,3.0
tweet2336,0,3.0
tweet2337,1,3.0
tweet2338,0,3.0
tweet2339,1,3.0
tweet2340,0,3.0
tweet2341,1,3.0
tweet2342,0,3.0
tweet2343,0,3.0
tweet2344,0,3.0
tweet2345,1,3.0
tweet2346,0,3.0
tweet2347,1,3.0
tweet2348,1,3.0
tweet2349,0,3.0
tweet2350,0,3.0
tweet2351,0,3.0
tweet2352,1,3.0
tweet2353,1,3.0
tweet2354,1,3.0
tweet2355,1,3.0
tweet2356,1,3.0
tweet2357,0,3.0
tweet2358,1,3.0
tweet2359,0,3.0
tweet2360,1,3.0
tweet2361,1,3.0
tweet2362,0,3.0
tweet2363,0,3.0
tweet2364,0,3.0
tweet2365,0,3.0
tweet2366,1,3.0
tweet2367,1,3.0
tweet2368,1,3.0
tweet2369,0,3.0
tweet2370,0,3.0
tweet2371,1,3.0
tweet2372,0,3.0
tweet2373,1,3.0
tweet2374,1,3.0
tweet2375,0,3.0
tweet2376,1,3.0
tweet2377,0,3.0
tweet2378,0,3.0
tweet2379,0,3.0
tweet2380,1,3.0
tweet2381,1,3.0
tweet2382,1,3.0
tweet2383,0,3.0
tweet2384,0,3.0
tweet2385,0,3.0
tweet2386,1,3.0
tweet2387,1,3.0
tweet2388,1,3.0
tweet2389,1,3.0
tweet2390,1,3.0
tweet2391,1,3.0
tweet2392,0,3.0
tweet2393,0,3.0
tweet2394,0,3.0
tweet2395,1,3.0
tweet2396,0,3.0
tweet2397,0,3.0
tweet2398,1,3.0
tweet2399,1,3.0
tweet2400,0,3.0
tweet2401,1,3.0
tweet2402,0,3.0
tweet2403,1,3.0
tweet2404,1,3.0
tweet2405,0,3.0
tweet2406,0,3.0
tweet2407,0,3.0
tweet2408,1,3.0
tweet2409,1,3.0
tweet2410,0,3.0
tweet2411,0,3.0
tweet2412,1,3.0
tweet2413,1,3.0
tweet2414,0,3.0
tweet2415,0,3.0
tweet2416,1,3.0
tweet2417,0,3.0
tweet2418,0,3.0
tweet2419,1,3.0
tweet2420,1,3.0
tweet2421,0,3.0
tweet2422,1,3.0
tweet2423,0,3.0
tweet2424,0,3.0
tweet2425,0,3.0
tweet2426,0,3.0
tweet2427,0,3.0
tweet2428,1,3.0
tweet2429,1,3.0
tweet2430,0,3.0
tweet2431,0,3.0
tweet2432,1,3.0
tweet2433,0,3.0
tweet2434,0,3.0
tweet2435,1,3.0
tweet2436,1,3.0
tweet2437,1,3.0
tweet2438,1,3.0
tweet2439,1,3.0
tweet2440,0,3.0
tweet2441,1,3.0
tweet2442,0,3.0
tweet2443,0,3.0
tweet2444,0,3.0
tweet2445,1,3.0
tweet2446,0,3.0
tweet2447,0,3.0
tweet2448,0,3.0
tweet2449,1,3.0
tweet2450,0,3.0
tweet2451,0,3.0
tweet2452,1,3.0
tweet2453,0,3.0
tweet2454,1,3.0
tweet2455,1,3.0
tweet2456,1,3.0
tweet2457,0,3.0
tweet2458,1,3.0
tweet2459,0,3.0
tweet2460,0,3.0
tweet2461,0,3.0
tweet2462,0,3.0
tweet2463,0,3.0
tweet2464,0,3.0
tweet2465,0,3.0
tweet2466,0,3.0
tweet2467,0,3.0
tweet2468,0,3.0
tweet2469,1,3.0
tweet2470,1,3.0
tweet2471,0,3.0
tweet2472,1,3.0
tweet2473,1,3.0
tweet2474,1,3.0
tweet2475,0,3.0
tweet2476,1,3.0
tweet2477,1,3.0
tweet2478,1,3.0
tweet2479,0,3.0
tweet2480,0,3.0
tweet2481,0,3.0
tweet2482,0,3.0
tweet2483,1,3.0
tweet2484,0,3.0
tweet2485,0,3.0
tweet2486,0,3.0
tweet2487,1,3.0
tweet2488,0,3.0
tweet2489,1,3.0
tweet2490,1,3.0
tweet2491,1,3.0
tweet2492,0,3.0
tweet2493,1,3.0
tweet2494,0,3.0
tweet2495,0,3.0
tweet2496,0,3.0
tweet2497,1,3.0
tweet2498,0,3.0
tweet2499,0,3.0
tweet2500,1,3.0
tweet2501,0,3.0
tweet2502,0,3.0
tweet2503,0,3.0
tweet2504,0,3.0
tweet2505,1,3.0
tweet2506,0,3.0
tweet2507,1,3.0
tweet2508,0,3.0
tweet2509,0,3.0
tweet2510,0,3.0
tweet2511,0,3.0
tweet2512,0,3.0
tweet2513,1,3.0
tweet2514,0,3.0
tweet2515,0,3.0
tweet2516,0,3.0
tweet2517,1,3.0
tweet2518,1,3.0
tweet2519,0,3.0
tweet2520,1,3.0
tweet2521,0,3.0
tweet2522,0,3.0
tweet2523,1,3.0
tweet2524,0,3.0
tweet2525,1,3.0
tweet2526,0,3.0
tweet2527,1,3.0
tweet2528,0,3.0
tweet2529,0,3.0
tweet2530,1,3.0
tweet2531,0,3.0
tweet2532,0,3.0
tweet2533,0,3.0
tweet2534,1,3.0
tweet2535,0,3.0
tweet2536,0,3.0
tweet2537,0,3.0
tweet2538,1,3.0
tweet2539,0,3.0
tweet2540,0,3.0
tweet2541,0,3.0
tweet2542,0,3.0
tweet2543,0,3.0
tweet2544,1,3.0
tweet2545,1,3.0
tweet2546,0,3.0
tweet2547,0,3.0
tweet2548,1,3.0
tweet2549,0,3.0
tweet2550,1,3.0
tweet2551,1,3.0
tweet2552,1,3.0
tweet2553,0,3.0
tweet2554,1,3.0
tweet2555,0,3.0
tweet2556,0,3.0
tweet2557,1,3.0
tweet2558,0,3.0
tweet2559,1,3.0
tweet2560,0,3.0
tweet2561,1,3.0
tweet2562,1,3.0
tweet2563,0,3.0
tweet2564,0,3.0
tweet2565,0,3.0
tweet2566,0,3.0
tweet2567,0,3.0
tweet2568,0,3.0
tweet2569,0,3.0
tweet2570,1,3.0
tweet2571,0,3.0
tweet2572,1,3.0
tweet2573,0,3.0
tweet2574,0,3.0
tweet2575,1,3.0
tweet2576,1,3.0
tweet2577,0,3.0
tweet2578,0,3.0
tweet2579,0,3.0
tweet2580,1,3.0
tweet2581,1,3.0
tweet2582,0,3.0
tweet2583,1,3.0
tweet2584,0,3.0
tweet2585,1,3.0
tweet2586,0,3.0
tweet2587,1,3.0
tweet2588,1,3.0
tweet2589,1,3.0
tweet2590,0,3.0
tweet2591,1,3.0
tweet2592,0,3.0
tweet2593,0,3.0
tweet2594,1,3.0
tweet2595,0,3.0
tweet2596,1,3.0
tweet2597,1,3.0
tweet2598,1,3.0
tweet2599,1,3.0
tweet2600,0,3.0
tweet2601,1,3.0
tweet2602,0,3.0
tweet2603,0,3.0
tweet2604,1,3.0
tweet2605,1,3.0
tweet2606,1,3.0
tweet2607,1,3.0
tweet2608,0,3.0
tweet2609,0,3.0
tweet2610,0,3.0
tweet2611,0,3.0
tweet2612,1,3.0
tweet2613,1,3.0
tweet2614,1,3.0
tweet2615,0,3.0
tweet2616,0,3.0
tweet2617,1,3.0
tweet2618,1,3.0
tweet2619,1,3.0
tweet2620,0,3.0
tweet2621,1,3.0
tweet2622,1,3.0
tweet2623,0,3.0
tweet2624,0,3.0
tweet2625,0,3.0
tweet2626,1,3.0
tweet2627,0,3.0
tweet2628,0,3.0
tweet2629,1,3.0
tweet2630,0,3.0
tweet2631,1,3.0
tweet2632,1,3.0
tweet2633,1,3.0
tweet2634,1,3.0
tweet2635,1,3.0
tweet2636,1,3.0
tweet2637,0,3.0
tweet2638,1,3.0
tweet2639,0,3.0
tweet2640,0,3.0
tweet2641,0,3.0
tweet2642,0,3.0
tweet2643,0,3.0
tweet2644,0,3.0
tweet2645,1,3.0
tweet2646,1,3.0
tweet2647,1,3.0
tweet2648,1,3.0
tweet2649,1,3.0
tweet2650,0,3.0
tweet2651,0,3.0
tweet2652,0,3.0
tweet2653,1,3.0
tweet2654,0,3.0
tweet2655,1,3.0
tweet2656,1,3.0
tweet2657,0,3.0
tweet2658,0,3.0
tweet2659,0,3.0
tweet2660,1,3.0
tweet2661,1,3.0
tweet2662,0,3.0
tweet2663,1,3.0
tweet2664,0,3.0
tweet2665,1,3.0
tweet2666,0,3.0
tweet2667,1,3.0
tweet2668,1,3.0
tweet2669,0,3.0
tweet2670,1,3.0
tweet2671,0,3.0
tweet2672,0,3.0
tweet2673,1,3.0
tweet2674,0,3.0
tweet2675,0,3.0
tweet2676,0,3.0
tweet2677,0,3.0
tweet2678,0,3.0
tweet2679,0,3.0
tweet2680,1,3.0
tweet2681,1,3.0
tweet2682,1,3.0
tweet2683,1,3.0
tweet2684,0,3.0
tweet2685,0,3.0
tweet2686,1,3.0
tweet2687,0,3.0
tweet2688,0,3.0
tweet2689,0,3.0
tweet2690,1,3.0
tweet2691,0,3.0
tweet2692,0,3.0
tweet2693,0,3.0
tweet2694,0,3.0
tweet2695,1,3.0
tweet2696,0,3.0
tweet2697,0,3.0
tweet2698,0,3.0
tweet2699,0,3.0
tweet2700,0,3.0
tweet2701,0,3.0
tweet2702,1,3.0
tweet2703,0,3.0
tweet2704,1,3.0
tweet2705,1,3.0
tweet2706,0,3.0
tweet2707,0,3.0
tweet2708,0,3.0
tweet2709,1,3.0
tweet2710,0,3.0
tweet2711,0,3.0
tweet2712,1,3.0
tweet2713,1,3.0
tweet2714,1,3.0
tweet2715,0,3.0
tweet2716,0,3.0
tweet2717,1,3.0
tweet2718,1,3.0
tweet2719,1,3.0
tweet2720,1,3.0
tweet2721,0,3.0
tweet2722,1,3.0
tweet2723,1,3.0
tweet2724,0,3.0
tweet2725,0,3.0
tweet2726,0,3.0
tweet2727,1,3.0
tweet2728,0,3.0
tweet2729,1,3.0
tweet2730,0,3.0
tweet2731,1,3.0
tweet2732,0,3.0
tweet2733,1,3.0
tweet2734,0,3.0
tweet2735,1,3.0
tweet2736,0,3.0
tweet2737,1,3.0
tweet2738,1,3.0
tweet2739,0,3.0
tweet2740,1,3.0
tweet2741,0,3.0
tweet2742,1,3.0
tweet2743,0,3.0
tweet2744,0,3.0
tweet2745,1,3.0
tweet2746,1,3.0
tweet2747,1,3.0
tweet2748,0,3.0
tweet2749,0,3.0
tweet2750,1,3.0
tweet2751,1,3.0
tweet2752,1,3.0
tweet2753,0,3.0
tweet2754,0,3.0
tweet2755,0,3.0
tweet2756,0,3.0
tweet2757,0,3.0
tweet2758,0,3.0
tweet2759,1,3.0
tweet2760,0,3.0
tweet2761,1,3.0
tweet2762,1,3.0
tweet2763,0,3.0
tweet2764,0,3.0
tweet2765,1,3.0
tweet2766,0,3.0
tweet2767,1,3.0
tweet2768,0,3.0
tweet2769,1,3.0
tweet2770,1,3.0
tweet2771,1,3.0
tweet2772,0,3.0
tweet2773,1,3.0
tweet2774,0,3.0
tweet2775,0,3.0
tweet2776,0,3.0
tweet2777,1,3.0
tweet2778,1,3.0
tweet2779,1,3.0
tweet2780,1,3.0
tweet2781,0,3.0
tweet2782,0,3.0
tweet2783,0,3.0
tweet2784,0,3.0
tweet2785,1,3.0
tweet2786,0,3.0
tweet2787,0,3.0
tweet2788,0,3.0
tweet2789,1,3.0
tweet2790,0,3.0
tweet2791,0,3.0
tweet2792,1,3.0
tweet2793,0,3.0
tweet2794,0,3.0
tweet2795,0,3.0
tweet2796,0,3.0
tweet2797,1,3.0
tweet2798,0,3.0
tweet2799,0,3.0
tweet2800,1,3.0
tweet2801,1,3.0
tweet2802,1,3.0
tweet2803,0,3.0
tweet2804,1,3.0
tweet2805,0,3.0
tweet2806,0,3.0
tweet2807,0,3.0
tweet2808,0,3.0
tweet2809,0,3.0
tweet2810,0,3.0
tweet2811,0,3.0
tweet2812,0,3.0
tweet2813,0,3.0
tweet2814,0,3.0
tweet2815,1,3.0
tweet2816,1,3.0
tweet2817,1,3.0
tweet2818,1,3.0
tweet2819,0,3.0
tweet2820,0,3.0
tweet2821,1,3.0
tweet2822,0,3.0
tweet2823,0,3.0
tweet2824,0,3.0
tweet2825,0,3.0
tweet2826,0,3.0
tweet2827,1,3.0
tweet2828,0,3.0
tweet2829,1,3.0
tweet2830,1,3.0
tweet2831,1,3.0
tweet2832,1,3.0
tweet2833,0,3.0
tweet2834,0,3.0
tweet2835,1,3.0
tweet2836,0,3.0
tweet2837,1,3.0
tweet2838,1,3.0
tweet2839,1,3.0
tweet2840,0,3.0
tweet2841,0,3.0
tweet2842,0,3.0
tweet2843,1,3.0
tweet2844,1,3.0
tweet2845,0,3.0
tweet2846,0,3.0
tweet2847,0,3.0
tweet2848,1,3.0
tweet2849,1,3.0
tweet2850,1,3.0
tweet2851,0,3.0
tweet2852,1,3.0
tweet2853,0,3.0
tweet2854,1,3.0
tweet2855,0,3.0
tweet2856,1,3.0
tweet2857,0,3.0
tweet2858,0,3.0
tweet2859,1,3.0
tweet2860,1,3.0
tweet2861,1,3.0
tweet2862,1,3.0
tweet2863,0,3.0
tweet2864,1,3.0
tweet2865,1,3.0
tweet2866,0,3.0
tweet2867,1,3.0
tweet2868,1,3.0
tweet2869,1,3.0
tweet2870,1,3.0
tweet2871,0,3.0
tweet2872,0,3.0
tweet2873,0,3.0
tweet2874,0,3.0
tweet2875,0,3.0
tweet2876,0,3.0
tweet2877,0,3.0
tweet2878,0,3.0
tweet2879,0,3.0
tweet2880,1,3.0
tweet2881,0,3.0
tweet2882,0,3.0
tweet2883,1,3.0
tweet2884,1,3.0
tweet2885,1,3.0
tweet2886,1,3.0
tweet2887,0,3.0
tweet2888,0,3.0
tweet2889,1,3.0
tweet2890,1,3.0
tweet2891,0,3.0
tweet2892,0,3.0
tweet2893,0,3.0
tweet2894,0,3.0
tweet2895,0,3.0
tweet2896,1,3.0
tweet2897,0,3.0
tweet2898,0,3.0
tweet2899,1,3.0
tweet2900,1,3.0
tweet2901,0,3.0
tweet2902,0,3.0
tweet2903,0,3.0
tweet2904,1,3.0
tweet2905,0,3.0
tweet2906,0,3.0
tweet2907,1,3.0
tweet2908,0,3.0
tweet2909,0,3.0
tweet2910,0,3.0
tweet2911,1,3.0
tweet2912,1,3.0
tweet2913,1,3.0
tweet2914,1,3.0
tweet2915,1,3.0
tweet2916,0,3.0
tweet2917,1,3.0
tweet2918,0,3.0
tweet2919,1,3.0
tweet2920,1,3.0
tweet2921,1,3.0
tweet2922,0,3.0
tweet2923,0,3.0
tweet2924,1,3.0
tweet2925,1,3.0
tweet2926,0,3.0
tweet2927,1,3.0
tweet2928,1,3.0
tweet2929,0,3.0
tweet2930,0,3.0
tweet2931,0,3.0
tweet2932,0,3.0
tweet2933,0,3.0
tweet2934,0,3.0
tweet2935,0,3.0
tweet2936,1,3.0
tweet2937,1,3.0
tweet2938,1,3.0
tweet2939,0,3.0
tweet2940,1,3.0
tweet2941,0,3.0
tweet2942,0,3.0
tweet2943,1,3.0
tweet2944,0,3.0
tweet2945,0,3.0
tweet2946,1,3.0
tweet2947,1,3.0
tweet2948,0,3.0
tweet2949,0,3.0
tweet2950,0,3.0
tweet2951,0,3.0
tweet2952,1,3.0
tweet2953,0,3.0
tweet2954,0,3.0
tweet2955,0,3.0
tweet2956,0,3.0
tweet2957,0,3.0
tweet2958,0,3.0
tweet2959,0,3.0
tweet2960,0,3.0
tweet2961,0,3.0
tweet2962,1,3.0
tweet2963,0,3.0
tweet2964,1,3.0
tweet2965,0,3.0
tweet2966,1,3.0
tweet2967,0,3.0
tweet2968,1,3.0
tweet2969,1,3.0
tweet2970,0,3.0
tweet2971,0,3.0
tweet2972,0,3.0
tweet2973,0,3.0
tweet2974,0,3.0
tweet2975,0,3.0
tweet2976,0,3.0
tweet2977,1,3.0
tweet2978,0,3.0
tweet2979,1,3.0
tweet2980,1,3.0
tweet2981,1,3.0
tweet2982,1,3.0
tweet2983,0,3.0
tweet2984,0,3.0
tweet2985,0,3.0
tweet2986,1,3.0
tweet2987,0,3.0
tweet2988,1,3.0
tweet2989,0,3.0
tweet2990,1,3.0
tweet2991,0,3.0
tweet2992,0,3.0
tweet2993,0,3.0
tweet2994,1,3.0
tweet2995,0,3.0
tweet2996,0,3.0
tweet2997,1,3.0
tweet2998,1,3.0
tweet2999,1,3.0
tweet3000,0,3.0
tweet3001,0,3.0
tweet3002,1,3.0
tweet3003,0,3.0
tweet3004,1,3.0
tweet3005,0,3.0
tweet3006,1,3.0
tweet3007,1,3.0
tweet3008,0,3.0
tweet3009,0,3.0
tweet3010,1,3.0
tweet3011,0,3.0
tweet3012,0,3.0
tweet3013,0,3.0
tweet3014,1,3.0
tweet3015,0,3.0
tweet3016,1,3.0
tweet3017,1,3.0
tweet3018,1,3.0
tweet3019,0,3.0
tweet3020,1,3.0
tweet3021,1,3.0
tweet3022,1,3.0
tweet3023,0,3.0
tweet3024,0,3.0
tweet3025,0,3.0
tweet3026,0,3.0
tweet3027,0,3.0
tweet3028,1,3.0
tweet3029,1,3.0
tweet3030,1,3.0
tweet3031,1,3.0
tweet3032,0,3.0
tweet3033,1,3.0
tweet3034,1,3.0
tweet3035,0,3.0
tweet3036,1,3.0
tweet3037,1,3.0
tweet3038,1,3.0
tweet3039,0,3.0
tweet3040,0,3.0
tweet3041,0,3.0
tweet3042,1,3.0
tweet3043,0,3.0
tweet3044,0,3.0
tweet3045,1,3.0
tweet3046,1,3.0
tweet3047,0,3.0
tweet3048,0,3.0
tweet3049,0,3.0
tweet3050,0,3.0
tweet3051,1,3.0
tweet3052,1,3.0
tweet3053,0,3.0
tweet3054,0,3.0
tweet3055,1,3.0
tweet3056,1,3.0
tweet3057,1,3.0
tweet3058,1,3.0
tweet3059,0,3.0
tweet3060,0,3.0
tweet3061,0,3.0
tweet3062,1,3.0
tweet3063,0,3.0
tweet3064,0,3.0
tweet3065,0,3.0
tweet3066,0,3.0
tweet3067,0,3.0
tweet3068,1,3.0
tweet3069,0,3.0
tweet3070,1,3.0
tweet3071,0,3.0
tweet3072,0,3.0
tweet3073,0,3.0
tweet3074,0,3.0
tweet3075,0,3.0
tweet3076,0,3.0
tweet3077,0,3.0
tweet3078,0,3.0
tweet3079,0,3.0
tweet3080,1,3.0
tweet3081,0,3.0
tweet3082,1,3.0
tweet3083,0,3.0
tweet3084,1,3.0
tweet3085,1,3.0
tweet3086,1,3.0
tweet3087,0,3.0
tweet3088,0,3.0
tweet3089,0,3.0
tweet3090,1,3.0
tweet3091,0,3.0
tweet3092,0,3.0
tweet3093,1,3.0
tweet3094,1,3.0
tweet3095,0,3.0
tweet3096,0,3.0
tweet3097,1,3.0
tweet3098,1,3.0
tweet3099,0,3.0
tweet3100,1,3.0
tweet3101,0,3.0
tweet3102,1,3.0
tweet3103,1,3.0
tweet3104,1,3.0
tweet3105,0,3.0
tweet3106,0,3.0
tweet3107,1,3.0
tweet3108,1,3.0
tweet3109,1,3.0
tweet3110,1,3.0
tweet3111,0,3.0
tweet3112,0,3.0
tweet3113,0,3.0
tweet3114,1,3.0
tweet3115,1,3.0
tweet3116,1,3.0
tweet3117,0,3.0
tweet3118,0,3.0
tweet3119,0,3.0
tweet3120,0,3.0
tweet3121,0,3.0
tweet3122,0,3.0
tweet3123,0,3.0
tweet3124,1,3.0
tweet3125,1,3.0
tweet3126,0,3.0
tweet3127,0,3.0
tweet3128,0,3.0
tweet3129,1,3.0
tweet3130,0,3.0
tweet3131,0,3.0
tweet3132,0,3.0
tweet3133,0,3.0
tweet3134,0,3.0
tweet3135,0,3.0
tweet3136,1,3.0
tweet3137,1,3.0
tweet3138,0,3.0
tweet3139,1,3.0
tweet3140,1,3.0
tweet3141,0,3.0
tweet3142,0,3.0
tweet3143,1,3.0
tweet3144,1,3.0
tweet3145,1,3.0
tweet3146,0,3.0
tweet3147,0,3.0
tweet3148,1,3.0
tweet3149,0,3.0
tweet3150,0,3.0
tweet3151,0,3.0
tweet3152,0,3.0
tweet3153,0,3.0
tweet3154,1,3.0
tweet3155,0,3.0
tweet3156,0,3.0
tweet3157,0,3.0
tweet3158,0,3.0
tweet3159,0,3.0
tweet3160,0,3.0
tweet3161,1,3.0
tweet3162,0,3.0
tweet3163,0,3.0
tweet3164,1,3.0
tweet3165,1,3.0
tweet3166,0,3.0
tweet3167,0,3.0
tweet3168,1,3.0
tweet3169,0,3.0
tweet3170,1,3.0
tweet3171,0,3.0
tweet3172,1,3.0
tweet3173,0,3.0
tweet3174,0,3.0
tweet3175,0,3.0
tweet3176,0,3.0
tweet3177,0,3.0
tweet3178,1,3.0
tweet3179,1,3.0
tweet3180,1,3.0
tweet3181,0,3.0
tweet3182,1,3.0
tweet3183,1,3.0
tweet3184,1,3.0
tweet3185,0,3.0
tweet3186,0,3.0
tweet3187,0,3.0
tweet3188,1,3.0
tweet3189,1,3.0
tweet3190,0,3.0
tweet3191,1,3.0
tweet3192,0,3.0
tweet3193,0,3.0
tweet3194,0,3.0
tweet3195,0,3.0
tweet3196,0,3.0
tweet3197,0,3.0
tweet3198,0,3.0
tweet3199,0,3.0
tweet3200,0,3.0
tweet3201,0,3.0
tweet3202,0,3.0
tweet3203,1,3.0
tweet3204,1,3.0
tweet3205,1,3.0
tweet3206,1,3.0
tweet3207,1,3.0
tweet3208,0,3.0
tweet3209,0,3.0
tweet3210,1,3.0
tweet3211,1,3.0
tweet3212,0,3.0
tweet3213,1,3.0
tweet3214,0,3.0
tweet3215,0,3.0
tweet3216,0,3.0
tweet3217,0,3.0
tweet3218,1,3.0
tweet3219,0,3.0
tweet3220,1,3.0
tweet3221,1,3.0
tweet3222,0,3.0
tweet3223,1,3.0
tweet3224,0,3.0
tweet3225,1,3.0
tweet3226,1,3.0
tweet3227,1,3.0
tweet3228,0,3.0
tweet3229,0,3.0
tweet3230,0,3.0
tweet3231,1,3.0
tweet3232,0,3.0
tweet3233,0,3.0
tweet3234,0,3.0
tweet3235,0,3.0
tweet3236,1,3.0
tweet3237,0,3.0
tweet3238,0,3.0
tweet3239,0,3.0
tweet3240,1,3.0
tweet3241,0,3.0
tweet3242,0,3.0
tweet3243,1,3.0
tweet3244,0,3.0
tweet3245,0,3.0
tweet3246,0,3.0
tweet3247,0,3.0
tweet3248,0,3.0
tweet3249,0,3.0
tweet3250,1,3.0
tweet3251,1,3.0
tweet3252,1,3.0
tweet3253,0,3.0
tweet3254,0,3.0
tweet3255,1,3.0
tweet3256,0,3.0
tweet3257,1,3.0
tweet3258,0,3.0
tweet3259,0,3.0
tweet3260,0,3.0
tweet3261,0,3.0
tweet3262,1,3.0
tweet3263,0,3.0
tweet3264,0,3.0
tweet3265,0,3.0
tweet3266,0,3.0
tweet3267,0,3.0
tweet3268,1,3.0
tweet3269,0,3.0
tweet3270,1,3.0
tweet3271,0,3.0
tweet3272,0,3.0
tweet3273,1,3.0
tweet3274,1,3.0
tweet3275,1,3.0
tweet3276,1,3.0
tweet3277,1,3.0
tweet3278,1,3.0
tweet3279,0,3.0
tweet3280,0,3.0
tweet3281,1,3.0
tweet3282,0,3.0
tweet3283,0,3.0
tweet3284,1,3.0
tweet3285,0,3.0
tweet3286,0,3.0
tweet3287,0,3.0
tweet3288,1,3.0
tweet3289,0,3.0
tweet3290,1,3.0
tweet3291,0,3.0
tweet3292,0,3.0
tweet3293,0,3.0
tweet3294,1,3.0
tweet3295,1,3.0
tweet3296,1,3.0
tweet3297,1,3.0
tweet3298,1,3.0
tweet3299,0,3.0
tweet3300,0,3.0
tweet3301,0,3.0
tweet3302,1,3.0
tweet3303,0,3.0
tweet3304,0,3.0
tweet3305,0,3.0
tweet3306,0,3.0
tweet3307,1,3.0
tweet3308,1,3.0
tweet3309,1,3.0
tweet3310,0,3.0
tweet3311,0,3.0
tweet3312,1,3.0
tweet3313,0,3.0
tweet3314,1,3.0
tweet3315,0,3.0
tweet3316,0,3.0
tweet3317,1,3.0
tweet3318,0,3.0
tweet3319,0,3.0
tweet3320,1,3.0
tweet3321,0,3.0
tweet3322,0,3.0
tweet3323,0,3.0
tweet3324,1,3.0
tweet3325,1,3.0
tweet3326,1,3.0
tweet3327,1,3.0
tweet3328,1,3.0
tweet3329,0,3.0
tweet3330,0,3.0
tweet3331,1,3.0
tweet3332,0,3.0
tweet3333,1,3.0
tweet3334,0,3.0
tweet3335,0,3.0
tweet3336,0,3.0
tweet3337,0,3.0
tweet3338,1,3.0
tweet3339,1,3.0
tweet3340,1,3.0
tweet3341,1,3.0
tweet3342,0,3.0
tweet3343,0,3.0
tweet3344,1,3.0
tweet3345,1,3.0
tweet3346,0,3.0
tweet3347,1,3.0
tweet3348,1,3.0
tweet3349,0,3.0
tweet3350,0,3.0
tweet3351,0,3.0
tweet3352,1,3.0
tweet3353,1,3.0
tweet3354,0,3.0
tweet3355,1,3.0
tweet3356,1,3.0
tweet3357,1,3.0
tweet3358,1,3.0
tweet3359,0,3.0
tweet3360,0,3.0
tweet3361,0,3.0
tweet3362,1,3.0
tweet3363,1,3.0
tweet3364,1,3.0
tweet3365,0,3.0
tweet3366,1,3.0
tweet3367,0,3.0
tweet3368,0,3.0
tweet3369,0,3.0
tweet3370,0,3.0
tweet3371,1,3.0
tweet3372,1,3.0
tweet3373,0,3.0
tweet3374,1,3.0
tweet3375,0,3.0
tweet3376,1,3.0
tweet3377,0,3.0
tweet3378,0,3.0
tweet3379,0,3.0
tweet3380,1,3.0
tweet3381,1,3.0
tweet3382,1,3.0
tweet3383,0,3.0
tweet3384,0,3.0
tweet3385,1,3.0
tweet3386,0,3.0
tweet3387,0,3.0
tweet3388,0,3.0
tweet3389,1,3.0
tweet3390,0,3.0
tweet3391,1,3.0
tweet3392,0,3.0
tweet3393,0,3.0
tweet3394,0,3.0
tweet3395,1,3.0
tweet3396,1,3.0
tweet3397,0,3.0
tweet3398,0,3.0
tweet3399,1,3.0
tweet3400,0,3.0
tweet3401,0,3.0
tweet3402,0,3.0
tweet3403,1,3.0
tweet3404,1,3.0
tweet3405,0,3.0
tweet3406,1,3.0
tweet3407,1,3.0
tweet3408,0,3.0
tweet3409,1,3.0
tweet3410,1,3.0
tweet3411,0,3.0
tweet3412,1,3.0
tweet3413,0,3.0
tweet3414,0,3.0
tweet3415,1,3.0
tweet3416,1,3.0
tweet3417,1,3.0
tweet3418,1,3.0
tweet3419,0,3.0
tweet3420,0,3.0
tweet3421,0,3.0
tweet3422,0,3.0
tweet3423,0,3.0
tweet3424,1,3.0
tweet3425,0,3.0
tweet3426,0,3.0
tweet3427,0,3.0
tweet3428,0,3.0
tweet3429,0,3.0
tweet3430,1,3.0
tweet3431,1,3.0
tweet3432,1,3.0
tweet3433,0,3.0
tweet3434,0,3.0
tweet3435,0,3.0
tweet3436,0,3.0
tweet3437,1,3.0
tweet3438,1,3.0
tweet3439,0,3.0
tweet3440,0,3.0
tweet3441,0,3.0
tweet3442,1,3.0
tweet3443,0,3.0
tweet3444,1,3.0
tweet3445,1,3.0
tweet3446,1,3.0
tweet3447,0,3.0
tweet3448,1,3.0
tweet3449,1,3.0
tweet3450,0,3.0
tweet3451,1,3.0
tweet3452,1,3.0
tweet3453,1,3.0
tweet3454,0,3.0
tweet3455,1,3.0
tweet3456,0,3.0
tweet3457,1,3.0
tweet3458,0,3.0
tweet3459,0,3.0
tweet3460,0,3.0
tweet3461,0,3.0
tweet3462,0,3.0
tweet3463,0,3.0
tweet3464,1,3.0
tweet3465,1,3.0
tweet3466,0,3.0
tweet3467,0,3.0
tweet3468,1,3.0
tweet3469,0,3.0
tweet3470,1,3.0
tweet3471,1,3.0
tweet3472,0,3.0
tweet3473,0,3.0
tweet3474,0,3.0
tweet3475,1,3.0
tweet3476,1,3.0
tweet3477,1,3.0
tweet3478,0,3.0
tweet3479,0,3.0
tweet3480,0,3.0
tweet3481,0,3.0
tweet3482,0,3.0
tweet3483,0,3.0
tweet3484,0,3.0
tweet3485,1,3.0
tweet3486,0,3.0
tweet3487,0,3.0
tweet3488,1,3.0
tweet3489,1,3.0
tweet3490,1,3.0
tweet3491,1,3.0
tweet3492,1,3.0
tweet3493,1,3.0
tweet3494,0,3.0
tweet3495,1,3.0
tweet3496,1,3.0
tweet3497,1,3.0
tweet3498,1,3.0
tweet3499,0,3.0
tweet3500,0,3.0
tweet3501,1,3.0
tweet3502,1,3.0
tweet3503,0,3.0
tweet3504,1,3.0
tweet3505,1,3.0
tweet3506,1,3.0
tweet3507,1,3.0
tweet3508,0,3.0
tweet3509,1,3.0
tweet3510,0,3.0
tweet3511,0,3.0
tweet3512,0,3.0
tweet3513,0,3.0
tweet3514,0,3.0
tweet3515,1,3.0
tweet3516,0,3.0
tweet3517,1,3.0
tweet3518,0,3.0
tweet3519,1,3.0
tweet3520,0,3.0
tweet3521,1,3.0
tweet3522,0,3.0
tweet3523,0,3.0
tweet3524,0,3.0
tweet3525,0,3.0
tweet3526,1,3.0
tweet3527,1,3.0
tweet3528,1,3.0
tweet3529,0,3.0
tweet3530,0,3.0
tweet3531,0,3.0
tweet3532,0,3.0
tweet3533,1,3.0
tweet3534,1,3.0
tweet3535,1,3.0
tweet3536,0,3.0
tweet3537,0,3.0
tweet3538,1,3.0
tweet3539,0,3.0
tweet3540,0,3.0
tweet3541,0,3.0
tweet3542,0,3.0
tweet3543,1,3.0
tweet3544,0,3.0
tweet3545,0,3.0
tweet3546,1,3.0
tweet3547,0,3.0
tweet3548,1,3.0
tweet3549,1,3.0
tweet3550,0,3.0
tweet3551,0,3.0
tweet3552,1,3.0
tweet3553,0,3.0
tweet3554,0,3.0
tweet3555,0,3.0
tweet3556,1,3.0
tweet3557,0,3.0
tweet3558,1,3.0
tweet3559,1,3.0
tweet3560,1,3.0
tweet3561,0,3.0
tweet3562,0,3.0
tweet3563,1,3.0
tweet3564,0,3.0
tweet3565,0,3.0
tweet3566,0,3.0
tweet3567,0,3.0
tweet3568,1,3.0
tweet3569,1,3.0
tweet3570,0,3.0
tweet3571,0,3.0
tweet3572,0,3.0
tweet3573,1,3.0
tweet3574,1,3.0
tweet3575,1,3.0
tweet3576,1,3.0
tweet3577,1,3.0
tweet3578,0,3.0
tweet3579,0,3.0
tweet3580,0,3.0
tweet3581,0,3.0
tweet3582,0,3.0
tweet3583,1,3.0
tweet3584,0,3.0
tweet3585,0,3.0
tweet3586,0,3.0
tweet3587,1,3.0
tweet3588,0,3.0
tweet3589,0,3.0
tweet3590,0,3.0
tweet3591,0,3.0
tweet3592,0,3.0
tweet3593,1,3.0
tweet3594,1,3.0
tweet3595,1,3.0
tweet3596,1,3.0
tweet3597,0,3.0
tweet3598,0,3.0
tweet3599,0,3.0
tweet3600,0,3.0
tweet3601,0,3.0
tweet3602,1,3.0
tweet3603,1,3.0
tweet3604,1,3.0
tweet3605,0,3.0
tweet3606,1,3.0
tweet3607,1,3.0
tweet3608,1,3.0
tweet3609,1,3.0
tweet3610,1,3.0
tweet3611,0,3.0
tweet3612,1,3.0
tweet3613,0,3.0
tweet3614,1,3.0
tweet3615,0,3.0
tweet3616,0,3.0
tweet3617,0,3.0
tweet3618,0,3.0
tweet3619,1,3.0
tweet3620,1,3.0
tweet3621,1,3.0
tweet3622,1,3.0
tweet3623,1,3.0
tweet3624,0,3.0
tweet3625,0,3.0
tweet3626,0,3.0
tweet3627,0,3.0
tweet3628,1,3.0
tweet3629,0,3.0
tweet3630,1,3.0
tweet3631,0,3.0
tweet3632,1,3.0
tweet3633,1,3.0
tweet3634,0,3.0
tweet3635,1,3.0
tweet3636,1,3.0
tweet3637,1,3.0
tweet3638,1,3.0
tweet3639,1,3.0
tweet3640,0,3.0
tweet3641,1,3.0
tweet3642,0,3.0
tweet3643,1,3.0
tweet3644,1,3.0
tweet3645,1,3.0
tweet3646,1,3.0
tweet3647,0,3.0
tweet3648,1,3.0
tweet3649,1,3.0
tweet3650,1,3.0
tweet3651,1,3.0
tweet3652,0,3.0
tweet3653,1,3.0
tweet3654,1,3.0
tweet3655,1,3.0
tweet3656,0,3.0
tweet3657,0,3.0
tweet3658,0,3.0
tweet3659,0,3.0
tweet3660,0,3.0
tweet3661,0,3.0
tweet3662,1,3.0
tweet3663,0,3.0
tweet3664,0,3.0
tweet3665,0,3.0
tweet3666,0,3.0
tweet3667,0,3.0
tweet3668,1,3.0
tweet3669,0,3.0
tweet3670,1,3.0
tweet3671,1,3.0
tweet3672,0,3.0
tweet3673,0,3.0
tweet3674,1,3.0
tweet3675,1,3.0
tweet3676,0,3.0
tweet3677,0,3.0
tweet3678,0,3.0
tweet3679,1,3.0
tweet3680,1,3.0
tweet3681,0,3.0
tweet3682,1,3.0
tweet3683,0,3.0
tweet3684,1,3.0
tweet3685,1,3.0
tweet3686,0,3.0
tweet3687,1,3.0
tweet3688,1,3.0
tweet3689,1,3.0
tweet3690,1,3.0
tweet3691,1,3.0
tweet3692,1,3.0
tweet3693,0,3.0
tweet3694,0,3.0
tweet3695,1,3.0
tweet3696,1,3.0
tweet3697,0,3.0
tweet3698,1,3.0
tweet3699,1,3.0
tweet3700,0,3.0
tweet3701,1,3.0
tweet3702,1,3.0
tweet3703,0,3.0
tweet3704,0,3.0
tweet3705,0,3.0
tweet3706,0,3.0
tweet3707,1,3.0
tweet3708,1,3.0
tweet3709,1,3.0
tweet3710,0,3.0
tweet3711,0,3.0
tweet3712,1,3.0
tweet3713,0,3.0
tweet3714,0,3.0
tweet3715,1,3.0
tweet3716,1,3.0
tweet3717,1,3.0
tweet3718,0,3.0
tweet3719,0,3.0
tweet3720,1,3.0
tweet3721,0,3.0
tweet3722,1,3.0
tweet3723,0,3.0
tweet3724,0,3.0
tweet3725,0,3.0
tweet3726,0,3.0
tweet3727,1,3.0
tweet3728,0,3.0
tweet3729,0,3.0
tweet3730,0,3.0
tweet3731,0,3.0
tweet3732,0,3.0
tweet3733,1,3.0
tweet3734,1,3.0
tweet3735,0,3.0
tweet3736,0,3.0
tweet3737,0,3.0
tweet3738,0,3.0
tweet3739,0,3.0
tweet3740,1,3.0
tweet3741,1,3.0
tweet3742,0,3.0
tweet3743,0,3.0
tweet3744,0,3.0
tweet3745,0,3.0
tweet3746,0,3.0
tweet3747,0,3.0
tweet3748,1,3.0
tweet3749,0,3.0
tweet3750,1,3.0
tweet3751,1,3.0
tweet3752,0,3.0
tweet3753,1,3.0
tweet3754,0,3.0
tweet3755,0,3.0
tweet3756,1,3.0
tweet3757,0,3.0
tweet3758,0,3.0
tweet3759,1,3.0
tweet3760,0,3.0
tweet3761,1,3.0
tweet3762,0,3.0
tweet3763,0,3.0
tweet3764,0,3.0
tweet3765,0,3.0
tweet3766,0,3.0
tweet3767,0,3.0
tweet3768,1,3.0
tweet3769,0,3.0
tweet3770,0,3.0
tweet3771,0,3.0
tweet3772,0,3.0
tweet3773,1,3.0
tweet3774,0,3.0
tweet3775,1,3.0
tweet3776,0,3.0
tweet3777,0,3.0
tweet3778,0,3.0
tweet3779,0,3.0
tweet3780,1,3.0
tweet3781,1,3.0
tweet3782,1,3.0
tweet3783,1,3.0
tweet3784,1,3.0
tweet3785,0,3.0
tweet3786,0,3.0
tweet3787,0,3.0
tweet3788,0,3.0
tweet3789,0,3.0
tweet3790,1,3.0
tweet3791,0,3.0
tweet3792,0,3.0
tweet3793,0,3.0
tweet3794,0,3.0
tweet3795,1,3.0
tweet3796,0,3.0
tweet3797,1,3.0
tweet3798,0,3.0
tweet3799,0,3.0
tweet3800,1,3.0
tweet3801,0,3.0
tweet3802,0,3.0
tweet3803,0,3.0
tweet3804,1,3.0
tweet3805,1,3.0
tweet3806,0,3.0
tweet3807,0,3.0
tweet3808,1,3.0
tweet3809,0,3.0
tweet3810,1,3.0
tweet3811,0,3.0
tweet3812,1,3.0
tweet3813,1,3.0
tweet3814,1,3.0
tweet3815,1,3.0
tweet3816,0,3.0
tweet3817,1,3.0
tweet3818,0,3.0
tweet3819,1,3.0
tweet3820,0,3.0
tweet3821,1,3.0
tweet3822,0,3.0
tweet3823,0,3.0
tweet3824,0,3.0
tweet3825,0,3.0
tweet3826,0,3.0
tweet3827,0,3.0
tweet3828,1,3.0
tweet3829,1,3.0
tweet3830,0,3.0
tweet3831,1,3.0
tweet3832,1,3.0
tweet3833,0,3.0
tweet3834,1,3.0
tweet3835,1,3.0
tweet3836,0,3.0
tweet3837,0,3.0
tweet3838,1,3.0
tweet3839,1,3.0
tweet3840,1,3.0
tweet3841,0,3.0
tweet3842,0,3.0
tweet3843,0,3.0
tweet3844,0,3.0
tweet3845,1,3.0
tweet3846,0,3.0
tweet3847,0,3.0
tweet3848,1,3.0
tweet3849,0,3.0
tweet3850,1,3.0
tweet3851,0,3.0
tweet3852,0,3.0
tweet3853,0,3.0
tweet3854,0,3.0
tweet3855,1,3.0
tweet3856,0,3.0
tweet3857,0,3.0
tweet3858,1,3.0
tweet3859,1,3.0
tweet3860,1,3.0
tweet3861,1,3.0
tweet3862,1,3.0
tweet3863,0,3.0
tweet3864,0,3.0
tweet3865,0,3.0
tweet3866,0,3.0
tweet3867,0,3.0
tweet3868,1,3.0
tweet3869,1,3.0
tweet3870,1,3.0
tweet3871,0,3.0
tweet3872,0,3.0
tweet3873,0,3.0
tweet3874,0,3.0
tweet3875,1,3.0
tweet3876,0,3.0
tweet3877,1,3.0
tweet3878,1,3.0
tweet3879,0,3.0
tweet3880,1,3.0
tweet3881,0,3.0
tweet3882,1,3.0
tweet3883,0,3.0
tweet3884,0,3.0
tweet3885,0,3.0
tweet3886,0,3.0
tweet3887,0,3.0
tweet3888,1,3.0
tweet3889,0,3.0
tweet3890,1,3.0
tweet3891,1,3.0
tweet3892,0,3.0
tweet3893,1,3.0
tweet3894,1,3.0
tweet3895,0,3.0
tweet3896,0,3.0
tweet3897,0,3.0
tweet3898,0,3.0
tweet3899,0,3.0
tweet3900,0,3.0
tweet3901,0,3.0
tweet3902,1,3.0
tweet3903,1,3.0
tweet3904,0,3.0
tweet3905,0,3.0
tweet3906,0,3.0
tweet3907,0,3.0
tweet3908,0,3.0
tweet3909,0,3.0
tweet3910,0,3.0
tweet3911,0,3.0
tweet3912,1,3.0
tweet3913,0,3.0
tweet3914,0,3.0
tweet3915,1,3.0
tweet3916,0,3.0
tweet3917,1,3.0
tweet3918,0,3.0
tweet3919,1,3.0
tweet3920,0,3.0
tweet3921,1,3.0
tweet3922,1,3.0
tweet3923,1,3.0
tweet3924,0,3.0
tweet3925,0,3.0
tweet3926,0,3.0
tweet3927,0,3.0
tweet3928,0,3.0
tweet3929,0,3.0
tweet3930,0,3.0
tweet3931,0,3.0
tweet3932,1,3.0
tweet3933,0,3.0
tweet3934,1,3.0
tweet3935,0,3.0
tweet3936,0,3.0
tweet3937,0,3.0
tweet3938,0,3.0
tweet3939,0,3.0
tweet3940,0,3.0
tweet3941,0,3.0
tweet3942,0,3.0
tweet3943,1,3.0
tweet3944,0,3.0
tweet3945,0,3.0
tweet3946,1,3.0
tweet3947,0,3.0
tweet3948,0,3.0
tweet3949,1,3.0
tweet3950,1,3.0
tweet3951,1,3.0
tweet3952,1,3.0
tweet3953,1,3.0
tweet3954,1,3.0
tweet3955,0,3.0
tweet3956,0,3.0
tweet3957,1,3.0
tweet3958,0,3.0
tweet3959,1,3.0
tweet3960,1,3.0
tweet3961,0,3.0
tweet3962,0,3.0
tweet3963,1,3.0
tweet3964,0,3.0
tweet3965,1,3.0
tweet3966,1,3.0
tweet3967,0,3.0
tweet3968,1,3.0
tweet3969,1,3.0
tweet3970,0,3.0
tweet3971,1,3.0
tweet3972,0,3.0
tweet3973,1,3.0
tweet3974,0,3.0
tweet3975,1,3.0
tweet3976,0,3.0
tweet3977,1,3.0
tweet3978,0,3.0
tweet3979,0,3.0
tweet3980,0,3.0
tweet3981,1,3.0
tweet3982,1,3.0
tweet3983,0,3.0
tweet3984,1,3.0
tweet3985,0,3.0
tweet3986,1,3.0
tweet3987,1,3.0
tweet3988,0,3.0
tweet3989,1,3.0
tweet3990,0,3.0
tweet3991,0,3.0
tweet3992,0,3.0
tweet3993,0,3.0
tweet3994,1,3.0
tweet3995,1,3.0
tweet3996,0,3.0
tweet3997,0,3.0
tweet3998,0,3.0
tweet3999,0,3.0
tweet4000,0,3.0
tweet4001,0,3.0
tweet4002,1,3.0
tweet4003,0,3.0
tweet4004,0,3.0
tweet4005,0,3.0
tweet4006,0,3.0
tweet4007,1,3.0
tweet4008,0,3.0
tweet4009,1,3.0
tweet4010,0,3.0
tweet4011,0,3.0
tweet4012,1,3.0
tweet4013,1,3.0
tweet4014,0,3.0
tweet4015,0,3.0
tweet4016,0,3.0
tweet4017,0,3.0
tweet4018,0,3.0
tweet4019,1,3.0
tweet4020,1,3.0
tweet4021,1,3.0
tweet4022,0,3.0
tweet4023,1,3.0
tweet4024,0,3.0
tweet4025,1,3.0
tweet4026,1,3.0
tweet4027,0,3.0
tweet4028,0,3.0
tweet4029,0,3.0
tweet4030,1,3.0
tweet4031,1,3.0
tweet4032,0,3.0
tweet4033,1,3.0
tweet4034,0,3.0
tweet4035,0,3.0
tweet4036,1,3.0
tweet4037,1,3.0
tweet4038,1,3.0
tweet4039,1,3.0
tweet4040,1,3.0
tweet4041,0,3.0
tweet4042,1,3.0
tweet4043,1,3.0
tweet4044,0,3.0
tweet4045,0,3.0
tweet4046,1,3.0
tweet4047,1,3.0
tweet4048,0,3.0
tweet4049,1,3.0
tweet4050,1,3.0
tweet4051,0,3.0
tweet4052,1,3.0
tweet4053,0,3.0
tweet4054,0,3.0
tweet4055,1,3.0
tweet4056,1,3.0
tweet4057,0,3.0
tweet4058,0,3.0
tweet4059,1,3.0
tweet4060,0,3.0
tweet4061,0,3.0
tweet4062,0,3.0
tweet4063,1,3.0
tweet4064,1,3.0
tweet4065,1,3.0
tweet4066,1,3.0
tweet4067,1,3.0
tweet4068,0,3.0
tweet4069,0,3.0
tweet4070,0,3.0
tweet4071,0,3.0
tweet4072,0,3.0
tweet4073,1,3.0
tweet4074,1,3.0
tweet4075,1,3.0
tweet4076,0,3.0
tweet4077,1,3.0
tweet4078,1,3.0
tweet4079,0,3.0
tweet4080,1,3.0
tweet4081,0,3.0
tweet4082,1,3.0
tweet4083,0,3.0
tweet4084,1,3.0
tweet4085,0,3.0
tweet4086,0,3.0
tweet4087,0,3.0
tweet4088,0,3.0
tweet4089,0,3.0
tweet4090,1,3.0
tweet4091,1,3.0
tweet4092,1,3.0
tweet4093,1,3.0
tweet4094,0,3.0
tweet4095,0,3.0
tweet4096,0,3.0
tweet4097,0,3.0
tweet4098,0,3.0
tweet4099,0,3.0
tweet4100,0,3.0
tweet4101,0,3.0
tweet4102,1,3.0
tweet4103,1,3.0
tweet4104,0,3.0
tweet4105,0,3.0
tweet4106,0,3.0
tweet4107,0,3.0
tweet4108,0,3.0
tweet4109,0,3.0
tweet4110,0,3.0
tweet4111,0,3.0
tweet4112,1,3.0
tweet4113,0,3.0
tweet4114,0,3.0
tweet4115,0,3.0
tweet4116,0,3.0
tweet4117,0,3.0
tweet4118,1,3.0
tweet4119,1,3.0
tweet4120,0,3.0
tweet4121,0,3.0
tweet4122,1,3.0
tweet4123,0,3.0
tweet4124,1,3.0
tweet4125,0,3.0
tweet4126,1,3.0
tweet4127,1,3.0
tweet4128,0,3.0
tweet4129,1,3.0
tweet4130,0,3.0
tweet4131,0,3.0
tweet4132,0,3.0
tweet4133,0,3.0
tweet4134,1,3.0
tweet4135,1,3.0
tweet4136,0,3.0
tweet4137,0,3.0
tweet4138,0,3.0
tweet4139,1,3.0
tweet4140,1,3.0
tweet4141,1,3.0
tweet4142,0,3.0
tweet4143,0,3.0
tweet4144,0,3.0
tweet4145,0,3.0
tweet4146,0,3.0
tweet4147,1,3.0
tweet4148,0,3.0
tweet4149,1,3.0
tweet4150,0,3.0
tweet4151,1,3.0
tweet4152,0,3.0
tweet4153,0,3.0
tweet4154,1,3.0
tweet4155,0,3.0
tweet4156,0,3.0
tweet4157,1,3.0
tweet4158,1,3.0
tweet4159,1,3.0
tweet4160,1,3.0
tweet4161,0,3.0
tweet4162,0,3.0
tweet4163,1,3.0
tweet4164,1,3.0
tweet4165,0,3.0
tweet4166,0,3.0
tweet4167,0,3.0
tweet4168,0,3.0
tweet4169,1,3.0
tweet4170,0,3.0
tweet4171,0,3.0
tweet4172,0,3.0
tweet4173,0,3.0
tweet4174,1,3.0
tweet4175,1,3.0
tweet4176,1,3.0
tweet4177,0,3.0
tweet4178,1,3.0
tweet4179,0,3.0
tweet4180,0,3.0
tweet4181,0,3.0
tweet4182,1,3.0
tweet4183,0,3.0
tweet4184,0,3.0
tweet4185,0,3.0
tweet4186,1,3.0
tweet4187,0,3.0
tweet4188,0,3.0
tweet4189,0,3.0
tweet4190,1,3.0
tweet4191,0,3.0
tweet4192,0,3.0
tweet4193,0,3.0
tweet4194,0,3.0
tweet4195,0,3.0
tweet4196,0,3.0
tweet4197,0,3.0
tweet4198,0,3.0
tweet4199,1,3.0
tweet4200,1,3.0
tweet4201,1,3.0
tweet4202,1,3.0
tweet4203,1,3.0
tweet4204,0,3.0
tweet4205,1,3.0
tweet4206,0,3.0
tweet4207,0,3.0
tweet4208,1,3.0
tweet4209,0,3.0
tweet4210,0,3.0
tweet4211,0,3.0
tweet4212,1,3.0
tweet4213,0,3.0
tweet4214,0,3.0
tweet4215,0,3.0
tweet4216,1,3.0
tweet4217,0,3.0
tweet4218,1,3.0
tweet4219,1,3.0
tweet4220,1,3.0
tweet4221,1,3.0
tweet4222,0,3.0
tweet4223,0,3.0
tweet4224,0,3.0
tweet4225,1,3.0
tweet4226,0,3.0
tweet4227,0,3.0
tweet4228,1,3.0
tweet4229,1,3.0
tweet4230,0,3.0
tweet4231,0,3.0
tweet4232,1,3.0
tweet4233,0,3.0
tweet4234,0,3.0
tweet4235,1,3.0
tweet4236,0,3.0
tweet4237,0,3.0
tweet4238,1,3.0
tweet4239,0,3.0
tweet4240,0,3.0
tweet4241,1,3.0
tweet4242,1,3.0
tweet4243,0,3.0
tweet4244,1,3.0
tweet4245,1,3.0
tweet4246,1,3.0
tweet4247,1,3.0
tweet4248,0,3.0
tweet4249,0,3.0
tweet4250,0,3.0
tweet4251,1,3.0
tweet4252,1,3.0
tweet4253,1,3.0
tweet4254,0,3.0
tweet4255,1,3.0
tweet4256,1,3.0
tweet4257,0,3.0
tweet4258,1,3.0
tweet4259,0,3.0
tweet4260,1,3.0
tweet4261,0,3.0
tweet4262,0,3.0
tweet4263,1,3.0
tweet4264,0,3.0
tweet4265,0,3.0
tweet4266,1,3.0
tweet4267,1,3.0
tweet4268,0,3.0
tweet4269,0,3.0
tweet4270,1,3.0
tweet4271,1,3.0
tweet4272,1,3.0
tweet4273,0,3.0
tweet4274,0,3.0
tweet4275,1,3.0
tweet4276,0,3.0
tweet4277,0,3.0
tweet4278,0,3.0
tweet4279,1,3.0
tweet4280,0,3.0
tweet4281,0,3.0
tweet4282,1,3.0
tweet4283,1,3.0
tweet4284,0,3.0
tweet4285,0,3.0
tweet4286,1,3.0
tweet4287,0,3.0
tweet4288,1,3.0
tweet4289,0,3.0
tweet4290,1,3.0
tweet4291,1,3.0
tweet4292,1,3.0
tweet4293,1,3.0
tweet4294,0,3.0
tweet4295,1,3.0
tweet4296,1,3.0
tweet4297,0,3.0
tweet4298,1,3.0
tweet4299,0,3.0
tweet4300,1,3.0
tweet4301,0,3.0
tweet4302,0,3.0
tweet4303,1,3.0
tweet4304,1,3.0
tweet4305,0,3.0
tweet4306,0,3.0
tweet4307,1,3.0
tweet4308,0,3.0
tweet4309,1,3.0
tweet4310,1,3.0
tweet4311,0,3.0
tweet4312,0,3.0
tweet4313,0,3.0
tweet4314,1,3.0
tweet4315,0,3.0
tweet4316,0,3.0
tweet4317,1,3.0
tweet4318,1,3.0
tweet4319,0,3.0
tweet4320,1,3.0
tweet4321,0,3.0
tweet4322,0,3.0
tweet4323,1,3.0
tweet4324,1,3.0
tweet4325,0,3.0
tweet4326,0,3.0
tweet4327,1,3.0
tweet4328,1,3.0
tweet4329,1,3.0
tweet4330,1,3.0
tweet4331,1,3.0
tweet4332,0,3.0
tweet4333,1,3.0
tweet4334,1,3.0
tweet4335,1,3.0
tweet4336,0,3.0
tweet4337,0,3.0
tweet4338,0,3.0
tweet4339,0,3.0
tweet4340,1,3.0
tweet4341,1,3.0
tweet4342,0,3.0
tweet4343,1,3.0
tweet4344,0,3.0
tweet4345,0,3.0
tweet4346,0,3.0
tweet4347,1,3.0
tweet4348,0,3.0
tweet4349,1,3.0
tweet4350,0,3.0
tweet4351,1,3.0
tweet4352,0,3.0
tweet4353,0,3.0
tweet4354,1,3.0
tweet4355,0,3.0
tweet4356,1,3.0
tweet4357,1,3.0
tweet4358,1,3.0
tweet4359,0,3.0
tweet4360,0,3.0
tweet4361,1,3.0
tweet4362,1,3.0
tweet4363,0,3.0
tweet4364,0,3.0
tweet4365,0,3.0
tweet4366,1,3.0
tweet4367,1,3.0
tweet4368,1,3.0
tweet4369,0,3.0
tweet4370,1,3.0
tweet4371,0,3.0
tweet4372,1,3.0
tweet4373,0,3.0
tweet4374,1,3.0
tweet4375,0,3.0
tweet4376,0,3.0
tweet4377,1,3.0
tweet4378,0,3.0
tweet4379,0,3.0
tweet4380,0,3.0
tweet4381,1,3.0
tweet4382,1,3.0
tweet4383,0,3.0
tweet4384,0,3.0
tweet4385,0,3.0
tweet4386,1,3.0
tweet4387,0,3.0
tweet4388,0,3.0
tweet4389,1,3.0
tweet4390,1,3.0
tweet4391,0,3.0
tweet4392,0,3.0
tweet4393,0,3.0
tweet4394,0,3.0
tweet4395,1,3.0
tweet4396,1,3.0
tweet4397,1,3.0
tweet4398,0,3.0
tweet4399,0,3.0
tweet4400,1,3.0
tweet4401,1,3.0
tweet4402,0,3.0
tweet4403,0,3.0
tweet4404,1,3.0
tweet4405,1,3.0
tweet4406,0,3.0
tweet4407,0,3.0
tweet4408,0,3.0
tweet4409,1,3.0
tweet4410,1,3.0
tweet4411,1,3.0
tweet4412,1,3.0
tweet4413,0,3.0
tweet4414,0,3.0
tweet4415,0,3.0
tweet4416,1,3.0
tweet4417,1,3.0
tweet4418,0,3.0
tweet4419,0,3.0
tweet4420,1,3.0
tweet4421,0,3.0
tweet4422,0,3.0
tweet4423,1,3.0
tweet4424,0,3.0
tweet4425,0,3.0
tweet4426,1,3.0
tweet4427,1,3.0
tweet4428,0,3.0
tweet4429,1,3.0
tweet4430,1,3.0
tweet4431,1,3.0
tweet4432,0,3.0
tweet4433,1,3.0
tweet4434,1,3.0
tweet4435,0,3.0
tweet4436,1,3.0
tweet4437,1,3.0
tweet4438,1,3.0
tweet4439,1,3.0
tweet4440,1,3.0
tweet4441,0,3.0
tweet4442,0,3.0
tweet4443,0,3.0
tweet4444,1,3.0
tweet4445,1,3.0
tweet4446,1,3.0
tweet4447,0,3.0
tweet4448,0,3.0
tweet4449,1,3.0
tweet4450,1,3.0
tweet4451,0,3.0
tweet4452,0,3.0
tweet4453,0,3.0
tweet4454,0,3.0
tweet4455,1,3.0
tweet4456,0,3.0
tweet4457,1,3.0
tweet4458,1,3.0
tweet4459,1,3.0
tweet4460,0,3.0
tweet4461,0,3.0
tweet4462,1,3.0
tweet4463,1,3.0
tweet4464,1,3.0
tweet4465,1,3.0
tweet4466,0,3.0
tweet4467,0,3.0
tweet4468,1,3.0
tweet4469,0,3.0
tweet4470,0,3.0
tweet4471,1,3.0
tweet4472,0,3.0
tweet4473,0,3.0
tweet4474,1,3.0
tweet4475,0,3.0
tweet4476,0,3.0
tweet4477,1,3.0
tweet4478,1,3.0
tweet4479,1,3.0
tweet4480,1,3.0
tweet4481,1,3.0
tweet4482,1,3.0
tweet4483,0,3.0
tweet4484,0,3.0
tweet4485,1,3.0
tweet4486,1,3.0
tweet4487,1,3.0
tweet4488,0,3.0
tweet4489,0,3.0
tweet4490,1,3.0
tweet4491,0,3.0
tweet4492,1,3.0
tweet4493,0,3.0
tweet4494,0,3.0
tweet4495,0,3.0
tweet4496,0,3.0
tweet4497,1,3.0
tweet4498,0,3.0
tweet4499,1,3.0
tweet4500,1,3.0
tweet4501,0,3.0
tweet4502,0,3.0
tweet4503,0,3.0
tweet4504,1,3.0
tweet4505,1,3.0
tweet4506,1,3.0
tweet4507,1,3.0
tweet4508,0,3.0
tweet4509,1,3.0
tweet4510,0,3.0
tweet4511,0,3.0
tweet4512,1,3.0
tweet4513,0,3.0
tweet4514,1,3.0
tweet4515,1,3.0
tweet4516,1,3.0
tweet4517,1,3.0
tweet4518,0,3.0
tweet4519,1,3.0
tweet4520,1,3.0
tweet4521,1,3.0
tweet4522,1,3.0
tweet4523,0,3.0
tweet4524,0,3.0
tweet4525,0,3.0
tweet4526,0,3.0
tweet4527,0,3.0
tweet4528,0,3.0
tweet4529,0,3.0
tweet4530,0,3.0
tweet4531,0,3.0
tweet4532,0,3.0
tweet4533,0,3.0
tweet4534,1,3.0
tweet4535,1,3.0
tweet4536,0,3.0
tweet4537,0,3.0
tweet4538,0,3.0
tweet4539,0,3.0
tweet4540,1,3.0
tweet4541,0,3.0
tweet4542,0,3.0
tweet4543,0,3.0
tweet4544,0,3.0
tweet4545,1,3.0
tweet4546,1,3.0
tweet4547,0,3.0
tweet4548,0,3.0
tweet4549,0,3.0
tweet4550,0,3.0
tweet4551,0,3.0
tweet4552,0,3.0
tweet4553,1,3.0
tweet4554,0,3.0
tweet4555,0,3.0
tweet4556,0,3.0
tweet4557,0,3.0
tweet4558,0,3.0
tweet4559,1,3.0
tweet4560,1,3.0
tweet4561,0,3.0
tweet4562,0,3.0
tweet4563,0,3.0
tweet4564,0,3.0
tweet4565,1,3.0
tweet4566,1,3.0
tweet4567,1,3.0
tweet4568,1,3.0
tweet4569,0,3.0
tweet4570,1,3.0
tweet4571,1,3.0
tweet4572,1,3.0
tweet4573,0,3.0
tweet4574,1,3.0
tweet4575,1,3.0
tweet4576,1,3.0
tweet4577,1,3.0
tweet4578,0,3.0
tweet4579,0,3.0
tweet4580,0,3.0
tweet4581,1,3.0
tweet4582,1,3.0
tweet4583,0,3.0
tweet4584,1,3.0
tweet4585,1,3.0
tweet4586,1,3.0
tweet4587,0,3.0
tweet4588,0,3.0
tweet4589,0,3.0
tweet4590,1,3.0
tweet4591,0,3.0
tweet4592,0,3.0
tweet4593,0,3.0
tweet4594,1,3.0
tweet4595,1,3.0
tweet4596,1,3.0
tweet4597,0,3.0
tweet4598,1,3.0
tweet4599,1,3.0
tweet4600,1,3.0
tweet4601,1,3.0
tweet4602,0,3.0
tweet4603,1,3.0
tweet4604,1,3.0
tweet4605,0,3.0
tweet4606,1,3.0
tweet4607,1,3.0
tweet4608,1,3.0
tweet4609,1,3.0
tweet4610,1,3.0
tweet4611,0,3.0
tweet4612,0,3.0
tweet4613,0,3.0
tweet4614,0,3.0
tweet4615,0,3.0
tweet4616,1,3.0
tweet4617,0,3.0
tweet4618,0,3.0
tweet4619,1,3.0
tweet4620,0,3.0
tweet4621,0,3.0
tweet4622,1,3.0
tweet4623,0,3.0
tweet4624,0,3.0
tweet4625,0,3.0
tweet4626,0,3.0
tweet4627,0,3.0
tweet4628,0,3.0
tweet4629,1,3.0
tweet4630,0,3.0
tweet4631,0,3.0
tweet4632,0,3.0
tweet4633,1,3.0
tweet4634,1,3.0
tweet4635,0,3.0
tweet4636,0,3.0
tweet4637,0,3.0
tweet4638,0,3.0
tweet4639,1,3.0
tweet4640,0,3.0
tweet4641,1,3.0
tweet4642,1,3.0
tweet4643,1,3.0
tweet4644,1,3.0
tweet4645,1,3.0
tweet4646,0,3.0
tweet4647,1,3.0
tweet4648,1,3.0
tweet4649,1,3.0
tweet4650,0,3.0
tweet4651,1,3.0
tweet4652,0,3.0
tweet4653,1,3.0
tweet4654,0,3.0
tweet4655,0,3.0
tweet4656,0,3.0
tweet4657,1,3.0
tweet4658,1,3.0
tweet4659,0,3.0
tweet4660,0,3.0
tweet4661,0,3.0
tweet4662,0,3.0
tweet4663,1,3.0
tweet4664,0,3.0
tweet4665,1,3.0
tweet4666,1,3.0
tweet4667,0,3.0
tweet4668,1,3.0
tweet4669,1,3.0
tweet4670,1,3.0
tweet4671,1,3.0
tweet4672,1,3.0
tweet4673,1,3.0
tweet4674,0,3.0
tweet4675,0,3.0
tweet4676,1,3.0
tweet4677,0,3.0
tweet4678,1,3.0
tweet4679,1,3.0
tweet4680,1,3.0
tweet4681,0,3.0
tweet4682,0,3.0
tweet4683,0,3.0
tweet4684,1,3.0
tweet4685,1,3.0
tweet4686,0,3.0
tweet4687,1,3.0
tweet4688,1,3.0
tweet4689,0,3.0
tweet4690,1,3.0
tweet4691,0,3.0
tweet4692,1,3.0
tweet4693,0,3.0
tweet4694,1,3.0
tweet4695,1,3.0
tweet4696,0,3.0
tweet4697,0,3.0
tweet4698,1,3.0
tweet4699,0,3.0
tweet4700,1,3.0
tweet4701,1,3.0
tweet4702,0,3.0
tweet4703,0,3.0
tweet4704,1,3.0
tweet4705,1,3.0
tweet4706,0,3.0
tweet4707,0,3.0
tweet4708,0,3.0
tweet4709,0,3.0
tweet4710,1,3.0
tweet4711,1,3.0
tweet4712,1,3.0
tweet4713,0,3.0
tweet4714,1,3.0
tweet4715,1,3.0
tweet4716,1,3.0
tweet4717,0,3.0
tweet4718,0,3.0
tweet4719,1,3.0
tweet4720,0,3.0
tweet4721,1,3.0
tweet4722,1,3.0
tweet4723,1,3.0
tweet4724,1,3.0
tweet4725,1,3.0
tweet4726,0,3.0
tweet4727,1,3.0
tweet4728,0,3.0
tweet4729,0,3.0
tweet4730,0,3.0
tweet4731,0,3.0
tweet4732,0,3.0
tweet4733,0,3.0
tweet4734,1,3.0
tweet4735,1,3.0
tweet4736,0,3.0
tweet4737,0,3.0
tweet4738,0,3.0
tweet4739,1,3.0
tweet4740,0,3.0
tweet4741,1,3.0
tweet4742,0,3.0
tweet4743,0,3.0
tweet4744,1,3.0
tweet4745,0,3.0
tweet4746,0,3.0
tweet4747,1,3.0
tweet4748,1,3.0
tweet4749,1,3.0
tweet4750,1,3.0
tweet4751,0,3.0
tweet4752,0,3.0
tweet4753,1,3.0
tweet4754,0,3.0
tweet4755,0,3.0
tweet4756,0,3.0
tweet4757,0,3.0
tweet4758,1,3.0
tweet4759,0,3.0
tweet4760,1,3.0
tweet4761,1,3.0
tweet4762,1,3.0
tweet4763,1,3.0
tweet4764,0,3.0
tweet4765,1,3.0
tweet4766,1,3.0
tweet4767,1,3.0
tweet4768,0,3.0
tweet4769,1,3.0
tweet4770,0,3.0
tweet4771,0,3.0
tweet4772,1,3.0
tweet4773,0,3.0
tweet4774,0,3.0
tweet4775,0,3.0
tweet4776,1,3.0
tweet4777,1,3.0
tweet4778,0,3.0
tweet4779,1,3.0
tweet4780,1,3.0
tweet4781,1,3.0
tweet4782,1,3.0
tweet4783,0,3.0
tweet4784,0,3.0
tweet4785,1,3.0
tweet4786,0,3.0
tweet4787,1,3.0
tweet4788,1,3.0
tweet4789,1,3.0
tweet4790,1,3.0
tweet4791,0,3.0
tweet4792,0,3.0
tweet4793,1,3.0
tweet4794,0,3.0
tweet4795,0,3.0
tweet4796,1,3.0
tweet4797,0,3.0
tweet4798,0,3.0
tweet4799,1,3.0
tweet4800,0,3.0
tweet4801,1,3.0
tweet4802,0,3.0
tweet4803,0,3.0
tweet4804,1,3.0
tweet4805,0,3.0
tweet4806,1,3.0
tweet4807,1,3.0
tweet4808,0,3.0
tweet4809,1,3.0
tweet4810,1,3.0
tweet4811,1,3.0
tweet4812,1,3.0
tweet4813,0,3.0
tweet4814,1,3.0
tweet4815,1,3.0
tweet4816,1,3.0
tweet4817,0,3.0
tweet4818,0,3.0
tweet4819,0,3.0
tweet4820,0,3.0
tweet4821,0,3.0
tweet4822,1,3.0
tweet4823,1,3.0
tweet4824,1,3.0
tweet4825,0,3.0
tweet4826,1,3.0
tweet4827,1,3.0
tweet4828,1,3.0
tweet4829,1,3.0
tweet4830,0,3.0
tweet4831,0,3.0
tweet4832,1,3.0
tweet4833,0,3.0
tweet4834,0,3.0
tweet4835,1,3.0
tweet4836,1,3.0
tweet4837,1,3.0
tweet4838,1,3.0
tweet4839,0,3.0
tweet4840,1,3.0
tweet4841,0,3.0
tweet4842,1,3.0
tweet4843,1,3.0
tweet4844,1,3.0
tweet4845,1,3.0
tweet4846,1,3.0
tweet4847,1,3.0
tweet4848,0,3.0
tweet4849,0,3.0
tweet4850,0,3.0
tweet4851,1,3.0
tweet4852,1,3.0
tweet4853,0,3.0
tweet4854,0,3.0
tweet4855,0,3.0
tweet4856,0,3.0
tweet4857,1,3.0
tweet4858,1,3.0
tweet4859,0,3.0
tweet4860,1,3.0
tweet4861,0,3.0
tweet4862,1,3.0
tweet4863,0,3.0
tweet4864,1,3.0
tweet4865,0,3.0
tweet4866,1,3.0
tweet4867,1,3.0
tweet4868,0,3.0
tweet4869,1,3.0
tweet4870,1,3.0
tweet4871,0,3.0
tweet4872,0,3.0
tweet4873,1,3.0
tweet4874,1,3.0
tweet4875,0,3.0
tweet4876,0,3.0
tweet4877,0,3.0
tweet4878,0,3.0
tweet4879,0,3.0
tweet4880,0,3.0
tweet4881,0,3.0
tweet4882,1,3.0
tweet4883,0,3.0
tweet4884,1,3.0
tweet4885,0,3.0
tweet4886,0,3.0
tweet4887,1,3.0
tweet4888,1,3.0
tweet4889,0,3.0
tweet4890,0,3.0
tweet4891,1,3.0
tweet4892,0,3.0
tweet4893,0,3.0
tweet4894,1,3.0
tweet4895,0,3.0
tweet4896,1,3.0
tweet4897,0,3.0
tweet4898,0,3.0
tweet4899,1,3.0
tweet4900,1,3.0
tweet4901,0,3.0
tweet4902,1,3.0
tweet4903,0,3.0
tweet4904,1,3.0
tweet4905,0,3.0
tweet4906,0,3.0
tweet4907,0,3.0
tweet4908,0,3.0
tweet4909,1,3.0
tweet4910,0,3.0
tweet4911,1,3.0
tweet4912,0,3.0
tweet4913,0,3.0
tweet4914,0,3.0
tweet4915,0,3.0
tweet4916,1,3.0
tweet4917,0,3.0
tweet4918,0,3.0
tweet4919,1,3.0
tweet4920,1,3.0
tweet4921,0,3.0
tweet4922,0,3.0
tweet4923,0,3.0
tweet4924,0,3.0
tweet4925,0,3.0
tweet4926,0,3.0
tweet4927,0,3.0
tweet4928,1,3.0
tweet4929,1,3.0
tweet4930,0,3.0
tweet4931,0,3.0
tweet4932,1,3.0
tweet4933,0,3.0
tweet4934,1,3.0
tweet4935,1,3.0
tweet4936,0,3.0
tweet4937,1,3.0
tweet4938,0,3.0
tweet4939,0,3.0
tweet4940,0,3.0
tweet4941,0,3.0
tweet4942,0,3.0
tweet4943,1,3.0
tweet4944,1,3.0
tweet4945,1,3.0
tweet4946,0,3.0
tweet4947,0,3.0
tweet4948,1,3.0
tweet4949,1,3.0
tweet4950,0,3.0
tweet4951,1,3.0
tweet4952,1,3.0
tweet4953,0,3.0
tweet4954,0,3.0
tweet4955,1,3.0
tweet4956,1,3.0
tweet4957,1,3.0
tweet4958,1,3.0
tweet4959,0,3.0
tweet4960,0,3.0
tweet4961,1,3.0
tweet4962,1,3.0
tweet4963,0,3.0
tweet4964,1,3.0
tweet4965,0,3.0
tweet4966,0,3.0
tweet4967,1,3.0
tweet4968,0,3.0
tweet4969,0,3.0
tweet4970,0,3.0
tweet4971,0,3.0
tweet4972,1,3.0
tweet4973,1,3.0
tweet4974,0,3.0
tweet4975,0,3.0
tweet4976,1,3.0
tweet4977,1,3.0
tweet4978,1,3.0
tweet4979,0,3.0
tweet4980,0,3.0
tweet4981,1,3.0
tweet4982,0,3.0
tweet4983,1,3.0
tweet4984,0,3.0
tweet4985,0,3.0
tweet4986,1,3.0
tweet4987,1,3.0
tweet4988,1,3.0
tweet4989,1,3.0
tweet4990,0,3.0
tweet4991,0,3.0
tweet4992,1,3.0
tweet4993,1,3.0
tweet4994,0,3.0
tweet4995,1,3.0
tweet4996,0,3.0
tweet4997,0,3.0
tweet4998,1,3.0
tweet4999,0,3.0
tweet5000,0,3.0
tweet5001,1,3.0
tweet5002,1,3.0
tweet5003,1,3.0
tweet5004,0,3.0
tweet5005,1,3.0
tweet5006,1,3.0
tweet5007,0,3.0
tweet5008,0,3.0
tweet5009,1,3.0
tweet5010,1,3.0
tweet5011,1,3.0
tweet5012,1,3.0
tweet5013,0,3.0
tweet5014,1,3.0
tweet5015,0,3.0
tweet5016,1,3.0
tweet5017,1,3.0
tweet5018,0,3.0
tweet5019,0,3.0
tweet5020,1,3.0
tweet5021,0,3.0
tweet5022,1,3.0
tweet5023,0,3.0
tweet5024,0,3.0
tweet5025,1,3.0
tweet5026,1,3.0
tweet5027,1,3.0
tweet5028,0,3.0
tweet5029,0,3.0
tweet5030,0,3.0
tweet5031,0,3.0
tweet5032,0,3.0
tweet5033,0,3.0
tweet5034,0,3.0
tweet5035,0,3.0
tweet5036,1,3.0
tweet5037,0,3.0
tweet5038,1,3.0
tweet5039,0,3.0
tweet5040,1,3.0
tweet5041,0,3.0
tweet5042,0,3.0
tweet5043,0,3.0
tweet5044,0,3.0
tweet5045,1,3.0
tweet5046,0,3.0
tweet5047,1,3.0
tweet5048,1,3.0
tweet5049,0,3.0
tweet5050,1,3.0
tweet5051,1,3.0
tweet5052,0,3.0
tweet5053,0,3.0
tweet5054,0,3.0
tweet5055,1,3.0
tweet5056,1,3.0
tweet5057,0,3.0
tweet5058,1,3.0
tweet5059,1,3.0
tweet5060,0,3.0
tweet5061,0,3.0
tweet5062,1,3.0
tweet5063,1,3.0
tweet5064,1,3.0
tweet5065,1,3.0
tweet5066,1,3.0
tweet5067,1,3.0
tweet5068,1,3.0
tweet5069,1,3.0
tweet5070,1,3.0
tweet5071,1,3.0
tweet5072,0,3.0
tweet5073,0,3.0
tweet5074,0,3.0
tweet5075,0,3.0
tweet5076,1,3.0
tweet5077,1,3.0
tweet5078,1,3.0
tweet5079,0,3.0
tweet5080,1,3.0
tweet5081,0,3.0
tweet5082,0,3.0
tweet5083,1,3.0
tweet5084,1,3.0
tweet5085,0,3.0
tweet5086,0,3.0
tweet5087,0,3.0
tweet5088,0,3.0
tweet5089,1,3.0
tweet5090,1,3.0
tweet5091,0,3.0
tweet5092,0,3.0
tweet5093,1,3.0
tweet5094,1,3.0
tweet5095,1,3.0
tweet5096,1,3.0
tweet5097,0,3.0
tweet5098,1,3.0
tweet5099,0,3.0
tweet5100,0,3.0
tweet5101,1,3.0
tweet5102,0,3.0
tweet5103,0,3.0
tweet5104,0,3.0
tweet5105,1,3.0
tweet5106,0,3.0
tweet5107,1,3.0
tweet5108,0,3.0
tweet5109,1,3.0
tweet5110,0,3.0
tweet5111,1,3.0
tweet5112,1,3.0
tweet5113,0,3.0
tweet5114,0,3.0
tweet5115,1,3.0
tweet5116,1,3.0
tweet5117,0,3.0
tweet5118,1,3.0
tweet5119,0,3.0
tweet5120,0,3.0
tweet5121,1,3.0
tweet5122,0,3.0
tweet5123,1,3.0
tweet5124,0,3.0
tweet5125,1,3.0
tweet5126,0,3.0
tweet5127,1,3.0
tweet5128,1,3.0
tweet5129,0,3.0
tweet5130,0,3.0
tweet5131,1,3.0
tweet5132,0,3.0
tweet5133,0,3.0
tweet5134,0,3.0
tweet5135,0,3.0
tweet5136,1,3.0
tweet5137,0,3.0
tweet5138,1,3.0
tweet5139,1,3.0
tweet5140,0,3.0
tweet5141,0,3.0
tweet5142,0,3.0
tweet5143,1,3.0
tweet5144,1,3.0
tweet5145,1,3.0
tweet5146,1,3.0
tweet5147,0,3.0
tweet5148,0,3.0
tweet5149,1,3.0
tweet5150,1,3.0
tweet5151,0,3.0
tweet5152,0,3.0
tweet5153,0,3.0
tweet5154,1,3.0
tweet5155,1,3.0
tweet5156,0,3.0
tweet5157,1,3.0
tweet5158,1,3.0
tweet5159,1,3.0
tweet5160,1,3.0
tweet5161,1,3.0
tweet5162,1,3.0
tweet5163,0,3.0
tweet5164,0,3.0
tweet5165,1,3.0
tweet5166,0,3.0
tweet5167,1,3.0
tweet5168,0,3.0
tweet5169,1,3.0
tweet5170,1,3.0
tweet5171,1,3.0
tweet5172,1,3.0
tweet5173,0,3.0
tweet5174,1,3.0
tweet5175,0,3.0
tweet5176,1,3.0
tweet5177,0,3.0
tweet5178,1,3.0
tweet5179,0,3.0
tweet5180,1,3.0
tweet5181,0,3.0
tweet5182,1,3.0
tweet5183,1,3.0
tweet5184,0,3.0
tweet5185,1,3.0
tweet5186,1,3.0
tweet5187,1,3.0
tweet5188,0,3.0
tweet5189,1,3.0
tweet5190,0,3.0
tweet5191,0,3.0
tweet5192,0,3.0
tweet5193,0,3.0
tweet5194,1,3.0
tweet5195,1,3.0
tweet5196,0,3.0
tweet5197,0,3.0
tweet5198,0,3.0
tweet5199,0,3.0
tweet5200,1,3.0
tweet5201,0,3.0
tweet5202,0,3.0
tweet5203,1,3.0
tweet5204,0,3.0
tweet5205,0,3.0
tweet5206,0,3.0
tweet5207,0,3.0
tweet5208,0,3.0
tweet5209,0,3.0
tweet5210,0,3.0
tweet5211,1,3.0
tweet5212,1,3.0
tweet5213,0,3.0
tweet5214,1,3.0
tweet5215,1,3.0
tweet5216,1,3.0
tweet5217,0,3.0
tweet5218,0,3.0
tweet5219,1,3.0
tweet5220,1,3.0
tweet5221,0,3.0
tweet5222,1,3.0
tweet5223,1,3.0
tweet5224,1,3.0
tweet5225,0,3.0
tweet5226,0,3.0
tweet5227,0,3.0
tweet5228,1,3.0
tweet5229,0,3.0
tweet5230,0,3.0
tweet5231,1,3.0
tweet5232,0,3.0
tweet5233,1,3.0
tweet5234,0,3.0
tweet5235,1,3.0
tweet5236,0,3.0
tweet5237,0,3.0
tweet5238,0,3.0
tweet5239,0,3.0
tweet5240,1,3.0
tweet5241,0,3.0
tweet5242,1,3.0
tweet5243,0,3.0
tweet5244,0,3.0
tweet5245,0,3.0
tweet5246,1,3.0
tweet5247,1,3.0
tweet5248,1,3.0
tweet5249,0,3.0
tweet5250,0,3.0
tweet5251,0,3.0
tweet5252,0,3.0
tweet5253,0,3.0
tweet5254,1,3.0
tweet5255,0,3.0
tweet5256,1,3.0
tweet5257,0,3.0
tweet5258,1,3.0
tweet5259,1,3.0
tweet5260,0,3.0
tweet5261,0,3.0
tweet5262,1,3.0
tweet5263,0,3.0
tweet5264,1,3.0
tweet5265,0,3.0
tweet5266,1,3.0
tweet5267,1,3.0
tweet5268,0,3.0
tweet5269,0,3.0
tweet5270,1,3.0
tweet5271,0,3.0
tweet5272,1,3.0
tweet5273,0,3.0
tweet5274,1,3.0
tweet5275,0,3.0
tweet5276,1,3.0
tweet5277,0,3.0
tweet5278,1,3.0
tweet5279,1,3.0
tweet5280,0,3.0
tweet5281,0,3.0
tweet5282,0,3.0
tweet5283,0,3.0
tweet5284,0,3.0
tweet5285,0,3.0
tweet5286,0,3.0
tweet5287,1,3.0
tweet5288,1,3.0
tweet5289,1,3.0
tweet5290,1,3.0
tweet5291,1,3.0
tweet5292,0,3.0
tweet5293,0,3.0
tweet5294,1,3.0
tweet5295,0,3.0
tweet5296,1,3.0
tweet5297,0,3.0
tweet5298,0,3.0
tweet5299,0,3.0
tweet5300,1,3.0
tweet5301,0,3.0
tweet5302,1,3.0
tweet5303,0,3.0
tweet5304,1,3.0
tweet5305,1,3.0
tweet5306,1,3.0
tweet5307,0,3.0
tweet5308,0,3.0
tweet5309,0,3.0
tweet5310,0,3.0
tweet5311,1,3.0
tweet5312,0,3.0
tweet5313,1,3.0
tweet5314,0,3.0
tweet5315,0,3.0
tweet5316,0,3.0
tweet5317,0,3.0
tweet5318,1,3.0
tweet5319,1,3.0
tweet5320,1,3.0
tweet5321,0,3.0
tweet5322,1,3.0
tweet5323,1,3.0
tweet5324,0,3.0
tweet5325,1,3.0
tweet5326,0,3.0
tweet5327,0,3.0
tweet5328,0,3.0
tweet5329,0,3.0
tweet5330,1,3.0
tweet5331,1,3.0
tweet5332,1,3.0
tweet5333,1,3.0
tweet5334,0,3.0
tweet5335,1,3.0
tweet5336,0,3.0
tweet5337,0,3.0
tweet5338,1,3.0
tweet5339,0,3.0
tweet5340,1,3.0
tweet5341,0,3.0
tweet5342,0,3.0
tweet5343,0,3.0
tweet5344,0,3.0
tweet5345,0,3.0
tweet5346,0,3.0
tweet5347,1,3.0
tweet5348,0,3.0
tweet5349,1,3.0
tweet5350,1,3.0
tweet5351,0,3.0
tweet5352,0,3.0
tweet5353,0,3.0
tweet5354,0,3.0
tweet5355,1,3.0
tweet5356,1,3.0
tweet5357,0,3.0
tweet5358,0,3.0
tweet5359,0,3.0
tweet5360,1,3.0
tweet5361,0,3.0
tweet5362,1,3.0
tweet5363,0,3.0
tweet5364,0,3.0
tweet5365,0,3.0
tweet5366,0,3.0
tweet5367,0,3.0
tweet5368,1,3.0
tweet5369,1,3.0
tweet5370,1,3.0
tweet5371,1,3.0
tweet5372,0,3.0
tweet5373,0,3.0
tweet5374,1,3.0
tweet5375,1,3.0
tweet5376,1,3.0
tweet5377,0,3.0
tweet5378,0,3.0
tweet5379,1,3.0
tweet5380,1,3.0
tweet5381,1,3.0
tweet5382,1,3.0
tweet5383,1,3.0
tweet5384,0,3.0
tweet5385,1,3.0
tweet5386,0,3.0
tweet5387,1,3.0
tweet5388,1,3.0
tweet5389,1,3.0
tweet5390,0,3.0
tweet5391,1,3.0
tweet5392,0,3.0
tweet5393,1,3.0
tweet5394,0,3.0
tweet5395,1,3.0
tweet5396,0,3.0
tweet5397,0,3.0
tweet5398,1,3.0
tweet5399,0,3.0
tweet5400,1,3.0
tweet5401,1,3.0
tweet5402,0,3.0
tweet5403,1,3.0
tweet5404,0,3.0
tweet5405,0,3.0
tweet5406,0,3.0
tweet5407,1,3.0
tweet5408,1,3.0
tweet5409,0,3.0
tweet5410,0,3.0
tweet5411,0,3.0
tweet5412,0,3.0
tweet5413,1,3.0
tweet5414,0,3.0
tweet5415,1,3.0
tweet5416,0,3.0
tweet5417,0,3.0
tweet5418,1,3.0
tweet5419,0,3.0
tweet5420,0,3.0
tweet5421,0,3.0
tweet5422,1,3.0
tweet5423,0,3.0
tweet5424,1,3.0
tweet5425,0,3.0
tweet5426,0,3.0
tweet5427,1,3.0
tweet5428,1,3.0
tweet5429,1,3.0
tweet5430,1,3.0
tweet5431,0,3.0
tweet5432,0,3.0
tweet5433,0,3.0
tweet5434,1,3.0
tweet5435,0,3.0
tweet5436,0,3.0
tweet5437,0,3.0
tweet5438,1,3.0
tweet5439,0,3.0
tweet5440,1,3.0
tweet5441,0,3.0
tweet5442,1,3.0
tweet5443,0,3.0
tweet5444,0,3.0
tweet5445,0,3.0
tweet5446,1,3.0
tweet5447,1,3.0
tweet5448,1,3.0
tweet5449,1,3.0
tweet5450,1,3.0
tweet5451,1,3.0
tweet5452,0,3.0
tweet5453,1,3.0
tweet5454,1,3.0
tweet5455,1,3.0
tweet5456,1,3.0
tweet5457,0,3.0
tweet5458,1,3.0
tweet5459,0,3.0
tweet5460,0,3.0
tweet5461,0,3.0
tweet5462,0,3.0
tweet5463,0,3.0
tweet5464,0,3.0
tweet5465,0,3.0
tweet5466,1,3.0
tweet5467,0,3.0
tweet5468,1,3.0
tweet5469,0,3.0
tweet5470,0,3.0
tweet5471,0,3.0
tweet5472,1,3.0
tweet5473,0,3.0
tweet5474,1,3.0
tweet5475,1,3.0
tweet5476,1,3.0
tweet5477,0,3.0
tweet5478,0,3.0
tweet5479,0,3.0
tweet5480,1,3.0
tweet5481,0,3.0
tweet5482,0,3.0
tweet5483,1,3.0
tweet5484,0,3.0
tweet5485,0,3.0
tweet5486,0,3.0
tweet5487,1,3.0
tweet5488,0,3.0
tweet5489,0,3.0
tweet5490,1,3.0
tweet5491,0,3.0
tweet5492,0,3.0
tweet5493,0,3.0
tweet5494,1,3.0
tweet5495,0,3.0
tweet5496,0,3.0
tweet5497,0,3.0
tweet5498,1,3.0
tweet5499,0,3.0
tweet5500,0,3.0
tweet5501,0,3.0
tweet5502,0,3.0
tweet5503,0,3.0
tweet5504,1,3.0
tweet5505,0,3.0
tweet5506,0,3.0
tweet5507,0,3.0
tweet5508,0,3.0
tweet5509,0,3.0
tweet5510,1,3.0
tweet5511,1,3.0
tweet5512,1,3.0
tweet5513,1,3.0
tweet5514,0,3.0
tweet5515,1,3.0
tweet5516,1,3.0
tweet5517,0,3.0
tweet5518,0,3.0
tweet5519,0,3.0
tweet5520,0,3.0
tweet5521,0,3.0
tweet5522,0,3.0
tweet5523,0,3.0
tweet5524,0,3.0
tweet5525,1,3.0
tweet5526,0,3.0
tweet5527,0,3.0
tweet5528,0,3.0
tweet5529,0,3.0
tweet5530,1,3.0
tweet5531,1,3.0
tweet5532,1,3.0
tweet5533,0,3.0
tweet5534,1,3.0
tweet5535,0,3.0
tweet5536,1,3.0
tweet5537,1,3.0
tweet5538,0,3.0
tweet5539,1,3.0
tweet5540,0,3.0
tweet5541,1,3.0
tweet5542,1,3.0
tweet5543,0,3.0
tweet5544,1,3.0
tweet5545,1,3.0
tweet5546,1,3.0
tweet5547,0,3.0
tweet5548,1,3.0
tweet5549,0,3.0
tweet5550,0,3.0
tweet5551,1,3.0
tweet5552,0,3.0
tweet5553,0,3.0
tweet5554,0,3.0
tweet5555,0,3.0
tweet5556,1,3.0
tweet5557,0,3.0
tweet5558,1,3.0
tweet5559,0,3.0
tweet5560,1,3.0
tweet5561,1,3.0
tweet5562,0,3.0
tweet5563,1,3.0
tweet5564,0,3.0
tweet5565,0,3.0
tweet5566,1,3.0
tweet5567,0,3.0
tweet5568,1,3.0
tweet5569,0,3.0
tweet5570,1,3.0
tweet5571,1,3.0
tweet5572,1,3.0
tweet5573,1,3.0
tweet5574,0,3.0
tweet5575,0,3.0
tweet5576,0,3.0
tweet5577,0,3.0
tweet5578,0,3.0
tweet5579,0,3.0
tweet5580,1,3.0
tweet5581,0,3.0
tweet5582,1,3.0
tweet5583,0,3.0
tweet5584,1,3.0
tweet5585,1,3.0
tweet5586,1,3.0
tweet5587,1,3.0
tweet5588,0,3.0
tweet5589,1,3.0
tweet5590,0,3.0
tweet5591,1,3.0
tweet5592,0,3.0
tweet5593,1,3.0
tweet5594,1,3.0
tweet5595,0,3.0
tweet5596,1,3.0
tweet5597,1,3.0
tweet5598,1,3.0
tweet5599,1,3.0
tweet5600,1,3.0
tweet5601,1,3.0
tweet5602,0,3.0
tweet5603,0,3.0
tweet5604,1,3.0
tweet5605,0,3.0
tweet5606,0,3.0
tweet5607,1,3.0
tweet5608,1,3.0
tweet5609,0,3.0
tweet5610,0,3.0
tweet5611,1,3.0
tweet5612,0,3.0
tweet5613,0,3.0
tweet5614,1,3.0
tweet5615,0,3.0
tweet5616,0,3.0
tweet5617,1,3.0
tweet5618,0,3.0
tweet5619,1,3.0
tweet5620,0,3.0
tweet5621,0,3.0
tweet5622,1,3.0
tweet5623,1,3.0
tweet5624,1,3.0
tweet5625,0,3.0
tweet5626,0,3.0
tweet5627,0,3.0
tweet5628,1,3.0
tweet5629,0,3.0
tweet5630,1,3.0
tweet5631,1,3.0
tweet5632,0,3.0
tweet5633,1,3.0
tweet5634,1,3.0
tweet5635,0,3.0
tweet5636,1,3.0
tweet5637,0,3.0
tweet5638,0,3.0
tweet5639,0,3.0
tweet5640,1,3.0
tweet5641,1,3.0
tweet5642,0,3.0
tweet5643,1,3.0
tweet5644,0,3.0
tweet5645,1,3.0
tweet5646,0,3.0
tweet5647,1,3.0
tweet5648,1,3.0
tweet5649,1,3.0
tweet5650,0,3.0
tweet5651,0,3.0
tweet5652,0,3.0
tweet5653,0,3.0
tweet5654,0,3.0
tweet5655,0,3.0
tweet5656,1,3.0
tweet5657,0,3.0
tweet5658,0,3.0
tweet5659,1,3.0
tweet5660,1,3.0
tweet5661,1,3.0
tweet5662,1,3.0
tweet5663,1,3.0
tweet5664,0,3.0
tweet5665,1,3.0
tweet5666,0,3.0
tweet5667,0,3.0
tweet5668,0,3.0
tweet5669,0,3.0
tweet5670,0,3.0
tweet5671,0,3.0
tweet5672,0,3.0
tweet5673,1,3.0
tweet5674,1,3.0
tweet5675,1,3.0
tweet5676,0,3.0
tweet5677,1,3.0
tweet5678,1,3.0
tweet5679,0,3.0
tweet5680,0,3.0
tweet5681,0,3.0
tweet5682,0,3.0
tweet5683,0,3.0
tweet5684,0,3.0
tweet5685,0,3.0
tweet5686,0,3.0
tweet5687,0,3.0
tweet5688,1,3.0
tweet5689,1,3.0
tweet5690,1,3.0
tweet5691,1,3.0
tweet5692,0,3.0
tweet5693,0,3.0
tweet5694,0,3.0
tweet5695,0,3.0
tweet5696,0,3.0
tweet5697,0,3.0
tweet5698,0,3.0
tweet5699,0,3.0
tweet5700,0,3.0
tweet5701,1,3.0
tweet5702,1,3.0
tweet5703,1,3.0
tweet5704,1,3.0
tweet5705,0,3.0
tweet5706,1,3.0
tweet5707,0,3.0
tweet5708,0,3.0
tweet5709,0,3.0
tweet5710,0,3.0
tweet5711,1,3.0
tweet5712,1,3.0
tweet5713,1,3.0
tweet5714,1,3.0
tweet5715,1,3.0
tweet5716,0,3.0
tweet5717,1,3.0
tweet5718,0,3.0
tweet5719,1,3.0
tweet5720,0,3.0
tweet5721,1,3.0
tweet5722,1,3.0
tweet5723,0,3.0
tweet5724,1,3.0
tweet5725,0,3.0
tweet5726,0,3.0
tweet5727,0,3.0
tweet5728,1,3.0
tweet5729,1,3.0
tweet5730,0,3.0
tweet5731,1,3.0
tweet5732,0,3.0
tweet5733,1,3.0
tweet5734,1,3.0
tweet5735,0,3.0
tweet5736,0,3.0
tweet5737,0,3.0
tweet5738,1,3.0
tweet5739,1,3.0
tweet5740,0,3.0
tweet5741,1,3.0
tweet5742,0,3.0
tweet5743,1,3.0
tweet5744,0,3.0
tweet5745,0,3.0
tweet5746,0,3.0
tweet5747,0,3.0
tweet5748,0,3.0
tweet5749,1,3.0
tweet5750,0,3.0
tweet5751,0,3.0
tweet5752,1,3.0
tweet5753,1,3.0
tweet5754,0,3.0
tweet5755,1,3.0
tweet5756,0,3.0
tweet5757,0,3.0
tweet5758,0,3.0
tweet5759,1,3.0
tweet5760,1,3.0
tweet5761,1,3.0
tweet5762,0,3.0
tweet5763,1,3.0
tweet5764,1,3.0
tweet5765,0,3.0
tweet5766,0,3.0
tweet5767,0,3.0
tweet5768,0,3.0
tweet5769,0,3.0
tweet5770,0,3.0
tweet5771,1,3.0
tweet5772,1,3.0
tweet5773,0,3.0
tweet5774,0,3.0
tweet5775,0,3.0
tweet5776,1,3.0
tweet5777,1,3.0
tweet5778,0,3.0
tweet5779,0,3.0
tweet5780,1,3.0
tweet5781,1,3.0
tweet5782,1,3.0
tweet5783,1,3.0
tweet5784,1,3.0
tweet5785,0,3.0
tweet5786,0,3.0
tweet5787,1,3.0
tweet5788,1,3.0
tweet5789,0,3.0
tweet5790,0,3.0
tweet5791,1,3.0
tweet5792,1,3.0
tweet5793,0,3.0
tweet5794,1,3.0
tweet5795,1,3.0
tweet5796,0,3.0
tweet5797,0,3.0
tweet5798,1,3.0
tweet5799,0,3.0
tweet5800,0,3.0
tweet5801,0,3.0
tweet5802,1,3.0
tweet5803,1,3.0
tweet5804,0,3.0
tweet5805,0,3.0
tweet5806,0,3.0
tweet5807,1,3.0
tweet5808,0,3.0
tweet5809,0,3.0
tweet5810,1,3.0
tweet5811,0,3.0
tweet5812,0,3.0
tweet5813,0,3.0
tweet5814,1,3.0
tweet5815,0,3.0
tweet5816,0,3.0
tweet5817,0,3.0
tweet5818,1,3.0
tweet5819,0,3.0
tweet5820,0,3.0
tweet5821,0,3.0
tweet5822,1,3.0
tweet5823,1,3.0
tweet5824,1,3.0
tweet5825,0,3.0
tweet5826,1,3.0
tweet5827,1,3.0
tweet5828,1,3.0
tweet5829,0,3.0
tweet5830,1,3.0
tweet5831,0,3.0
tweet5832,0,3.0
tweet5833,0,3.0
tweet5834,0,3.0
tweet5835,0,3.0
tweet5836,0,3.0
tweet5837,0,3.0
tweet5838,1,3.0
tweet5839,0,3.0
tweet5840,0,3.0
tweet5841,0,3.0
tweet5842,1,3.0
tweet5843,1,3.0
tweet5844,1,3.0
tweet5845,1,3.0
tweet5846,0,3.0
tweet5847,0,3.0
tweet5848,1,3.0
tweet5849,0,3.0
tweet5850,0,3.0
tweet5851,0,3.0
tweet5852,1,3.0
tweet5853,0,3.0
tweet5854,1,3.0
tweet5855,0,3.0
tweet5856,1,3.0
tweet5857,1,3.0
tweet5858,0,3.0
tweet5859,0,3.0
tweet5860,0,3.0
tweet5861,1,3.0
tweet5862,1,3.0
tweet5863,0,3.0
tweet5864,0,3.0
tweet5865,0,3.0
tweet5866,1,3.0
tweet5867,1,3.0
tweet5868,0,3.0
tweet5869,0,3.0
tweet5870,0,3.0
tweet5871,0,3.0
tweet5872,0,3.0
tweet5873,1,3.0
tweet5874,1,3.0
tweet5875,0,3.0
tweet5876,0,3.0
tweet5877,1,3.0
tweet5878,0,3.0
tweet5879,1,3.0
tweet5880,1,3.0
tweet5881,1,3.0
tweet5882,0,3.0
tweet5883,1,3.0
tweet5884,0,3.0
tweet5885,0,3.0
tweet5886,0,3.0
tweet5887,0,3.0
tweet5888,0,3.0
tweet5889,0,3.0
tweet5890,0,3.0
tweet5891,1,3.0
tweet5892,0,3.0
tweet5893,1,3.0
tweet5894,0,3.0
tweet5895,0,3.0
tweet5896,1,3.0
tweet5897,0,3.0
tweet5898,0,3.0
tweet5899,1,3.0
tweet5900,1,3.0
tweet5901,1,3.0
tweet5902,1,3.0
tweet5903,0,3.0
tweet5904,0,3.0
tweet5905,1,3.0
tweet5906,1,3.0
tweet5907,1,3.0
tweet5908,0,3.0
tweet5909,0,3.0
tweet5910,0,3.0
tweet5911,0,3.0
tweet5912,1,3.0
tweet5913,1,3.0
tweet5914,1,3.0
tweet5915,1,3.0
tweet5916,0,3.0
tweet5917,0,3.0
tweet5918,0,3.0
tweet5919,0,3.0
tweet5920,1,3.0
tweet5921,1,3.0
tweet5922,0,3.0
tweet5923,1,3.0
tweet5924,0,3.0
tweet5925,0,3.0
tweet5926,0,3.0
tweet5927,0,3.0
tweet5928,1,3.0
tweet5929,0,3.0
tweet5930,0,3.0
tweet5931,1,3.0
tweet5932,0,3.0
tweet5933,1,3.0
tweet5934,0,3.0
tweet5935,0,3.0
tweet5936,0,3.0
tweet5937,1,3.0
tweet5938,1,3.0
tweet5939,1,3.0
tweet5940,0,3.0
tweet5941,1,3.0
tweet5942,1,3.0
tweet5943,0,3.0
tweet5944,1,3.0
tweet5945,0,3.0
tweet5946,0,3.0
tweet5947,0,3.0
tweet5948,0,3.0
tweet5949,1,3.0
tweet5950,0,3.0
tweet5951,0,3.0
tweet5952,0,3.0
tweet5953,1,3.0
tweet5954,0,3.0
tweet5955,0,3.0
tweet5956,0,3.0
tweet5957,0,3.0
tweet5958,1,3.0
tweet5959,1,3.0
tweet5960,1,3.0
tweet5961,0,3.0
tweet5962,0,3.0
tweet5963,0,3.0
tweet5964,0,3.0
tweet5965,0,3.0
tweet5966,1,3.0
tweet5967,0,3.0
tweet5968,0,3.0
tweet5969,1,3.0
tweet5970,0,3.0
tweet5971,0,3.0
tweet5972,1,3.0
tweet5973,0,3.0
tweet5974,0,3.0
tweet5975,1,3.0
tweet5976,1,3.0
tweet5977,0,3.0
tweet5978,1,3.0
tweet5979,0,3.0
tweet5980,1,3.0
tweet5981,0,3.0
tweet5982,1,3.0
tweet5983,1,3.0
tweet5984,0,3.0
tweet5985,0,3.0
tweet5986,0,3.0
tweet5987,1,3.0
tweet5988,1,3.0
tweet5989,0,3.0
tweet5990,1,3.0
tweet5991,1,3.0
tweet5992,1,3.0
tweet5993,0,3.0
tweet5994,0,3.0
tweet5995,1,3.0
tweet5996,0,3.0
tweet5997,0,3.0
tweet5998,0,3.0
tweet5999,1,3.0
tweet6000,1,3.0
